笔记标题,笔记链接,用户ID,用户名,头像链接,IP属地,笔记发布时间,笔记收藏数量,笔记评论数量,笔记点赞数量,笔记转发数量,笔记内容,关键词
哇咔咔，骂了一天就降了！！,https://www.xiaohongshu.com/explore/666f6dfb000000000d00f129,666a8236000000000d027f28,薄荷香草味,https://sns-avatar-qc.xhscdn.com/avatar/1040g2jo3142hkrmtie6g5pjag8r3cvp8sj8th30,海南,2024.06.17,0,275,4,3,听朋友说就是要一直@ 美团！！别停下来！！亲测有效！！疯狂喷！！实在不行卸载重装！！,美团
当我一直骂美团后 真香啊,https://www.xiaohongshu.com/explore/666cfdf3000000000d00c0ac,65ebcac0000000000500e83b,云云i,https://sns-avatar-qc.xhscdn.com/avatar/1040g2jo3106p4j7p5u605pfbpb019q1r89981kg,辽宁,2024.06.15,2,163,2,1,家人们艾特美团真的有用！！！虽然很少的券，但是膨胀我惊呆了！这么大！！@美团 @美团 @美团 @美团 [生气R]@@美团 你大数据杀熟啊！！！凭什么我的神券要15 啊，别人的都是2.9元，为什么我的这么贵啊，我要求平等！！！不然我要转用饿了么！@美团 @美团 美团你大数据杀熟啊！！！凭什么我的神券要15元啊，别人的都是2.9元，为什么我的这么贵啊，我要求平等！！！不然我要转用饿了么！我今天用了饿了么@美团 @@美团@美团@美团@美团@美团^_^@美团 美团太差劲了@美团 外卖  美团会员真的太差劲了，还不如饿了么好用，真的想把美团给卸了不想再用美团点外卖，昨天饿了么开了包年会员，晦气死了美团，美团会员真的太差劲了还不如某饿了么好用，真的想把美团给卸了不想再用美团,美团
美团的赶紧处理,https://www.xiaohongshu.com/explore/66727e2e000000001c02b25d,6616585a00000000070074fb,豆豆很逗,https://sns-avatar-qc.xhscdn.com/avatar/1040g2jo312ntcrmv2o6g5pgmb1d1ot7r6lpnnu8,中国,2024.06.19,0,0,0,0,美团是鱼3W左右，分期乐是小cui超级厉害，美团是去了居委会[哭惹R][哭惹R][哭惹R]，闹得人尽皆知，所以你们如果有这两个平台，一定一定要及时处理，尽量不要拖，我花了快半个月左右 ，也算谈下来了，给的政策是听催1年，有本金以后再去打电话申请减免，我已经发出满意这个结果了[哭惹R][哭惹R][哭惹R],美团
美团点评门店排名规则及提升技巧！,https://www.xiaohongshu.com/explore/667276ac000000001c035e07,5d0b73790000000010034ba7,松影美团点评代运营,https://sns-avatar-qc.xhscdn.com/avatar/1040g2jo3142akh8uhm6g5n8bedsk6it7hkorl90,北京,2024.06.19,0,0,1,0,点赞收藏慢慢看，主页还有更多美团点评运营干货分享,美团
美团外卖膨胀13的秘密,https://www.xiaohongshu.com/explore/667126d9000000000d00da0f,5c28bd910000000007017c35,Perla,https://sns-avatar-qc.xhscdn.com/avatar/1040g2jo312350cuj1k6g5n18nm8hqv1liodcnt0,广西,2024.06.18,129,151,188,17,发现了一个可以膨胀12～13神券包的秘密姐妹们先去美团外卖搜图二的店，切换定位是上海的，点进去，随便选几样东西到结算页面，别付款别买！！然后看看那里显示的的膨胀金额有没有10以上的，如果在10以上就退回去买券包，或者有券包的直接膨胀，膨胀出来基本上就是11以上。我在这个店里一口气膨胀了二十张哈哈哈哈哈哈哈哈哈哈哈哈哈哈哈哈哈,美团
美团疯了！！,https://www.xiaohongshu.com/explore/667181d8000000001c021f40,6110fccc00000000010063a0,小团吃霸王餐,https://sns-avatar-qc.xhscdn.com/avatar/1040g2jo3114hnseamm6g5o8gvj608ot0vk9nsl0,广西,2024.06.18,1,4,2,0,终于给我开了让我/2.9开12不敢惹了,美团
美团骂了真有用，没骂的赶紧骂,https://www.xiaohongshu.com/explore/666fafd3000000000e030a7f,664ef24a00000000030309fe,羊毛使者eee,https://sns-avatar-qc.xhscdn.com/avatar/1040g2jo3134sd9qhna6g5pieu950u2fu59ivcd0,广东,2024.06.17,0,72,0,0,一直@美团 就搞定啦！！疯狂喷不行就卸载试试！！！,美团
美团黑号必看，连续五天购买低价会员(四),https://www.xiaohongshu.com/explore/666d7f74000000001c036e3a,666c23ae0000000003031f49,美团の外卖侠,https://sns-avatar-qc.xhscdn.com/avatar/1040g2jo31419l755ic605pjc4en0u7q9qqjrg58,江西,2024.06.15,24,7,34,2,美团黑号必看！外卖侠连续五天购买低价会员和膨胀+13录屏(四),美团
这泼天的富贵到我了,https://www.xiaohongshu.com/explore/666ad989000000000e0339b6,5f64a08a000000000101fef3,宝儿,https://sns-avatar-qc.xhscdn.com/avatar/1040g2jo3147ddalg1g105nr4k250bvnjokic4i8,广东,2024.06.13,0,252,12,2,两个号全部二十多张用不完，根本用不完[得意R][得意R][得意R],美团
美团你小汁...,https://www.xiaohongshu.com/explore/65b8ca67000000000a031d5e,6260103d000000001000bc27,美团礼品店,https://sns-avatar-qc.xhscdn.com/avatar/64ae4ec3b8e53a00011d500d.jpg,未知,2024.01.30,42,16,203,22,有点过分可爱了吧我要这个小东西的全部信息！,美团
美团不让人活,https://www.xiaohongshu.com/explore/666f9fcc000000001c023d4e,643baf66000000001400dae4,12345,https://sns-avatar-qc.xhscdn.com/avatar/1040g2jo313urbq9u2e5g5p1rltj51mn4k0far18,海南,2024.06.17,0,7,0,0,@美团 啊啊啊我要卸载美团!@美团怎么越来越贵！怎么总是在杀熟！！我要转向饿了么的怀抱了！,美团
美团你疯了？,https://www.xiaohongshu.com/explore/66712340000000001d019b81,665a8c6d00000000070061bf,布布,https://sns-avatar-qc.xhscdn.com/avatar/1040g2jo313g4jmr1g0005piqhhmhoodvo8v4s7o,四川,2024.06.18,0,2,0,1,睡醒一觉一看，直接开大额的[赞R]太给力了，很怀疑美团的精神状态时好时坏,美团
美团会员券 我真的生气了,https://www.xiaohongshu.com/explore/666975f8000000001c0216a8,63079b4b0000000012003f4e,🍠,https://sns-avatar-qc.xhscdn.com/avatar/c94b2589011be6d87bfbbbf21db9e2a0.jpg,广东,2024.06.12,1,29,6,0,最新版的会员券我真的生气了[微笑R]好多商家用不了了  随机的怎么不见随机给我过20 杀熟是吧。。。还是最开始的版本好点点。,美团
当我骂美团后，一天一个价,https://www.xiaohongshu.com/explore/6671213f000000001c034002,661206140000000007007938,做大做强,https://sns-avatar-qc.xhscdn.com/avatar/661206baec8f5c985e8072a2.jpg,四川,2024.06.18,1,4,4,2,@美团  @美团外卖 @美团 @美团 @美团@美团@美团 @美团你是不是杀熟？给别人免费卷，让我花钱买。别人膨胀是10块钱以上，我膨胀是6，你疯了是不是？差别对待这么明显是不是我用你用太多了？你以为自己没有替代的吗？！我劝你赶紧让我膨胀到10块以上！@美团@美团 @美团你是不是杀熟？给别人免费卷，让我花钱买。别人膨胀是10块钱以上，我膨胀是6，你疯了是不是？差别对待这么明显是不是我用你用太多了？你以为自己没有替代的吗？！我劝你赶紧让我膨胀到10块以上！@美团@美团 @美团 @美团外卖@美团,美团
美团你能不杀熟嘛,https://www.xiaohongshu.com/explore/667069e7000000000d00cdfc,5a0c0c6f11be104bb2c54061,墨白,https://sns-avatar-qc.xhscdn.com/avatar/1040g2jo310n7un9fmm0049vke166ug31bfs0ev8,广东,2024.06.18,0,45,1,0,看看别人再看看我，这什么天价券,美团
美团你这样包挨骂的呀,https://www.xiaohongshu.com/explore/66712c83000000000600531f,666ff5a2000000000700503c,Bb,https://sns-avatar-qc.xhscdn.com/avatar/1040g2jo31451865p2e005pjfumh1ok1sht9j4s0,四川,2024.06.18,0,1,3,1,这个价格，怪不得都要喷你喷你几天就老实了[笑哭R]一直@美团喷美团,美团
垃圾美团,https://www.xiaohongshu.com/explore/667133da000000001c02bdc7,65c8724e000000000b0359d9,小红薯65C94E65,https://sns-avatar-qc.xhscdn.com/avatar/1040g2jo31467fnb12c6g5pe8e972umephnlkkl0,江苏,2024.06.18,0,1,3,0,1.30左右接通的客服，把人当皮球，一会这个部门那个部门，美团业务真广呀，2.20才对接相应部门，最后跟我来了一句处理不了，这是把人当傻子啊，真垃拉拉拉机,美团
美团穷疯了吗 要我18 饿了么一个月3块,https://www.xiaohongshu.com/explore/6670889b000000001c028024,5d2d6288000000001101a2a0,Kiki,https://sns-avatar-qc.xhscdn.com/avatar/636ce22f0534ca88486fd09d.jpg,黑龙江,2024.06.18,0,15,0,0,@美团 @美团@美团 @美团·团购 @美团 @美团 @美团 @美团 @美团@美团 @美团  @美团   天杀的美团@美团   @美团  @美团  [生气R]@美团  你大数据杀熟啊！！！凭什么我的神券要31.9啊，别人的都是2.9元，为什么我的这么贵啊@美团  @美团  美团你大数据杀熟啊！！！凭什么我的神券要31.9元啊，别人的都是2.9元，为什么我的这么贵啊，我要求平等不然我要转用饿了么！我今天用了饿了么@美团  @@美团 @@美团  @美团 @美团 @美团   ^_^@美团  太差劲了@美团  外卖  还不如饿了么好用，真的想把美团给卸了不想再用美团点外卖，晦气死了美团，美,美团
美团不让人活,https://www.xiaohongshu.com/explore/666fddaf0000000006004459,666c0988000000000d02521e,Tsuki,https://sns-avatar-qc.xhscdn.com/avatar/1040g2jo31416jiuuhe6g5pjc1643ckguvjd45jg,四川,2024.06.17,0,8,1,1,@美团 啊啊啊我要卸载美团!@美团怎么越来越贵！怎么总是在杀熟！！我要转向饿了么的怀抱了！,美团
美团外卖白嫖党,https://www.xiaohongshu.com/explore/666a80d5000000001c0202c8,552cf200b203d93f2f2a9100,Yoyo妈咪,https://sns-avatar-qc.xhscdn.com/avatar/65f1c3458ed7627613f565b5.jpg,广东,2024.06.13,4,114,27,3,今天终于见识到这些白嫖党，美团食安都没法通过还坚持要求退款。小店全女性员工，这么短头发是哪来？可想而知！还给一个差评！   醒醒吧白嫖党们，现在已经不是以前，商家不会为一个差评而白送你吃。,美团
谨慎开美团会员,https://www.xiaohongshu.com/explore/66693f83000000000d00d790,59e968ae4eacab7f0426eff0,二两猪杂老友,https://sns-avatar-qc.xhscdn.com/avatar/62cc361561b5d8d0ba8fbb04.jpg,广西,2024.06.12,1,74,14,16,美团会员现在的红包限制只能在天天神券商家使用，不是以前的通用红包了！！！大家开通时看清楚再开，特别是自己常点的商家参与了天天神券再去开，不然就是这不能用那不能用，纯属给自己添堵。6月6日我选择开通的时候，常点的商家还能用会员券，今天想继续点同一家发现券就用不了了。咨询美团客服说是通用红包已经下架了，现在叫天天神券了， #我这无语，我开的时候是通用券那应该这批都是通用券啊，偷偷变成了天天神券？！说以后天天神券都会普及的，以后？我的会员等不到它做大做强全面占领市场了。,美团
大学生省钱之外卖怎么点才划算,https://www.xiaohongshu.com/explore/6656f67b000000000500765c,5a994f744eacab6356150f91,博洪卡券,https://sns-avatar-qc.xhscdn.com/avatar/5a994f744eacab6356150f91.jpg,江苏,2024.05.29,2,42,4,0,作为一个恩格尔系数高达70%的大学生，给大家讲一下我为什么点外卖总是比舍友便宜一半命1买官方的神券包官方券包是优点是无门槛，且有时候可以免费膨胀到7块、8块，我觉得比那些五花八门的公众号有用，不会在点饭上面浪费太多时间，而且能防止为了凑单而过度消费[害羞R]2买外卖无门槛红包配合优惠券购买还是很划算的3出门餐饮娱乐必须来个团购券，不仅能省钱主要还便宜，主打一个该省省该花花，要把生活费花在刀刃上不能花在刀把上。[喝奶茶R][喝奶茶R][喝奶茶R][喝奶茶R][喝奶茶R][喝奶茶R][喝奶茶R],美团
还留着美团干什么,https://www.xiaohongshu.com/explore/664f3b27000000000c0194c9,5b4f560711be106118d3e3c4,快去学习！,https://sns-avatar-qc.xhscdn.com/avatar/1040g2jo30r7627cihg6g4a795kb0fou4pfgfhvg,云南,2024.05.23,3,740,46,0,美团你现在真的很贵你知道吗？！还杀熟，老用户的死活你是一点不管啊，优惠券要么没有，要么有一点但是很多店都不适用，那我留着你干什么[微笑R]最近都在用饿了么，拜拜了@美团,美团
最近更贵了 太狠了,https://www.xiaohongshu.com/explore/6635aa06000000001e0381fa,55934572b7ba22057c5759ec,小哪吒,https://sns-avatar-qc.xhscdn.com/avatar/ae351b5abc78ae2e8d79998354db8440.jpg,未知,2024.05.04,0,100,0,2,美团外卖@美团 @美团  @美团 @美团 美团 @    @美团 @美团 @美团  杀熟啊！！！凭什么我的神券要20啊，别人的都是2.9元，我要求平等！！！不然我要转用饿了么！@美团 美团你大数据杀熟啊！！！凭什么我的神 券要20元啊，别人的都是2.9元，为什么我的这么贵啊，我要求平等！！！不然我要转用饿了么！@@美团 @美团@美团@美团 给我2.99@美团 @美团 @美团 @美团 太差劲了美团@美团 会员真的太差劲了，还不如饿了么好用，真的想把美团给卸了不想再用美团点外卖，昨天饿了么开了包年会员，晦气死了美团，美团会员真的太差劲了还不如某饿了么好用，真的想把美团给卸了@美团@美团,美团
美团就是要骂！！,https://www.xiaohongshu.com/explore/6670f647000000001c02350d,665a8e5b000000000d02576b,唯爱,https://sns-avatar-qc.xhscdn.com/avatar/1040g2jo313g44u5sh26g5piqhpdjclrbtcdelcg,四川,2024.06.18,1,0,2,1,多骂骂美团就对啦！！一天一个价格！！真的有用呀！！你们也来试试吧！！,美团
美团辞职了，江湖再见吧,https://www.xiaohongshu.com/explore/65e5efb2000000000102a1e6,5656a96c03eb8410f156a111,小马,https://sns-avatar-qc.xhscdn.com/avatar/64800bb5dc378598143437bd.jpg,未知,2024.03.04,271,566,1663,1300,美团很好，领导很好，是我不好，所有的pua我全都怼回去，同事说我情商低，但我不想委屈自己，我是去打工的，不接受没道理的压榨与pua，说的不对我就要反驳，长结节的不能只有我！,美团
美团我是真服了，骂完就膨胀到15,https://www.xiaohongshu.com/explore/6667fef00000000006005b69,664ef24a00000000030309fe,羊毛使者eee,https://sns-avatar-qc.xhscdn.com/avatar/1040g2jo3134sd9qhna6g5pieu950u2fu59ivcd0,广东,2024.06.11,0,200,5,0,我都是在小红薯上学的！！就是一直@美团 呀！！疯狂喷就对啦！！别停！！亲测有效的方法！！,美团
美团还是得骂啊,https://www.xiaohongshu.com/explore/66684ee2000000001c029193,6459f914000000001f032615,小红薯645ABA14,https://sns-avatar-qc.xhscdn.com/avatar/ae351b5abc78ae2e8d79998354db8440.jpg,河南,2024.06.11,0,46,1,0,@美团 @美团 @美团  @美团  @美团  @美团 @美团 @美团@美团@美团 @美团 你是不是杀熟？给别人免费卷，让我花钱买。别人膨胀是10块钱以上，我膨胀是6，你疯了是不是？差别对待这么明显是不是我用你用太多了？你以为自己没有替代的吗？！我劝你赶紧让我膨胀到10块以上！@美团@美团 @美团 你是不是杀熟？给别人免费卷，让我花钱买。别人膨胀是10块钱以上，我膨胀是6，你疯了是不是？差别对待这么明显是不是我用你用太多了？你以为自己没有替代的吗？！我劝你赶紧让我膨胀到10块以上！@美团@美团@美团@美团@美团@美团@美团@美团@美团@美团@美团@美团@美团@美团@美团@美团@美团@美团,美团
原来外卖膨胀大额券会提前告诉你,https://www.xiaohongshu.com/explore/666307d10000000015010e1f,5d31852c000000001003015c,余啊哈,https://sns-avatar-qc.xhscdn.com/avatar/64051fabebfcc2e90d492a61.jpg,安徽,2024.06.07,278,1302,502,119,测试了几个号，显示这段文字的大多是12-13的红包，没有的只有6-9的红包，太开心了🥳,美团
一句话证明你入职过美团,https://www.xiaohongshu.com/explore/66508108000000001303ce35,56c973731c07df4eef731970,一个躺不平的闲人,https://sns-avatar-qc.xhscdn.com/avatar/1040g2jo3123o6iock06045p00jpn66bgr8q1pjg,广东,2024.05.24,27,268,38,21,关于美团熟悉的语言有什么？	聚是一团火，散是满天星[哭惹R]既往不恋，纵情向前[笑哭R]每天前进30公里[萌萌哒R]我不会但我可以学[派对R]你的思考呢[生气R]why what how[生气R]三三反馈[石化R]......,美团
美团真恶心......大家都是这个价格吗,https://www.xiaohongshu.com/explore/66700225000000000e03373f,660bda10000000000d024d5e,焦急的黄土豆儿,https://sns-avatar-qc.xhscdn.com/avatar/1040g2jo3146idcp3hg605pgbr883cjaul654oo8,河南,2024.06.17,0,14,1,1,为什么我的美团还是没有优惠？怎么搞的？券越来越贵，膨胀的越来越低？？美团你杀熟！！！！[哭惹R][哭惹R][哭惹R]美团，爱爱我可以吗？@美团 试试吧[捂脸R][捂脸R][捂脸R],美团
一天吃透一家优质公司。No.3美团,https://www.xiaohongshu.com/explore/666f389e000000000e031c5b,660d2bed000000000b00e317,飞奔的蜗牛,https://sns-avatar-qc.xhscdn.com/avatar/1040g2jo312mi7a1o1q505pgd5fmipoon049grk0,山东,2024.06.17,589,60,718,113,,美团
美团天天神券神操作真的恶心到我了,https://www.xiaohongshu.com/explore/666938a9000000000e032d8f,5f1dded1000000000100be24,Judy,https://sns-avatar-qc.xhscdn.com/avatar/61002d0ed3d6dd0001c0827e.jpg,广西,2024.06.12,1,101,32,5,买了神会员红包，付款时发现通用红包变成天天神券商家专用红包，上小红书一搜才知道美团从6.5开始全面升级，请问你升级了什么，升级了割韭菜技能吗？本来红包价格就不便宜，买来就为了喝奶茶时能省个打包费和外卖费，你现在搞这种操作是在像我传递别用美团的信号吗？你看看古茗、霸王茶姬、萃茶师、蜜雪冰城哪一个能用天天神券，你连这些连锁店品牌最多的奶茶店都不能用，我还用美团干啥？,美团
,https://www.xiaohongshu.com/explore/663c4deb000000001e03a4ab,622b5af0000000001000e7f1,决策先知,https://sns-avatar-qc.xhscdn.com/avatar/622b5ba88ae6891b5c6049bc.jpg,未知,2024.05.10,53,7,75,17,世界上最大的骗局，就是美团外卖，他的赚钱玩法，绝对领先3个时代！有人说2024年是电商行业最动荡的一年，这话一点也不为过。这一年刚开头，拼多多就超越阿里，更是把京东甩出十条街，一跃成为电商老大。刘强东连夜发文，京东已经到了生死边缘，快被拼多多干掉了，京东必须改变。但大家都没注意到，电商界，还有一个人正在在偷偷的猥琐发育，想要和电商3大佬一分天下。那就是美团创始人王兴，提到王兴，很多人的第一印象就是他的美团外卖、团购，和他的500万外卖骑手。不过，你根本不敢相信王兴的野心有多大，他发现，现在电商行业虽然秒杀实体经济，但依然存在Bug，那就是商品交付时间太长，客户想买东西，从下单到拿到手，至少也得3天时间，有的商家还搞预售，一件商品到客户手上，差不多要一个月时间，再加上，有些客户收到货，不会主动确认收货，所以店家成交的钱，少则3天，多则7天才能真正到账，在这期间，还要承受客户随时退货的风险。就抓住这个Bug，一招缩短交易交付期。他直接把自家500万骑手大军当成快递员来用，客户想买的东西，不用等3天，连一天都不用，30分钟送到你手上。就像前几天，朋友家小孩闹着要吃大火炬雪糕，但朋友在小区门口几家便利店都没买到，上网一看，至少都要3天才送到，孩子吃不到哼哼唧唧的，她直接打开美团下单，不到30分钟，骑手就把货送到家了，解了她的燃眉之急。体验感直接拉满。你想，这样的模式要是真让王兴进军电商行业，阿里和京东还有拼多多能不慌吗？更可怕的是，王心想要的可不止一个电商平台，还有餐饮行业。众所周知，美团主要是靠送外面，赚商家的家，但王兴野心勃勃，他利用自家统计的客户数据，搞起了与原材料供应商的生意，一招搞定全平台的餐饮材料供应，还成了全网最大的预制裁生产商。这种转变，让他不用花钱开餐厅，不用做门店投资，就能让所有人吃上美团提供的食品，还能免费让与他合作的餐饮企业帮他赚钱。等到这套模式走通之后，他摇身一变成为一个培训平台，给所有餐饮老板做赋能和培训就可以赚的盆满钵满。他所采用的模式，就是马云和马化腾都追捧的S2B2C模式，这套模式不光是王兴再用，有很多行业巨头都在用，比如麦当劳、711便利店、汉庭酒店、百果园、喜家德、太二酸菜鱼等。,美团
才骂了一天就降了！！,https://www.xiaohongshu.com/explore/6667aeaa000000001500b730,65e5ba5c000000000500ebec,过滤过率,https://sns-avatar-qc.xhscdn.com/avatar/1040g2jo3104is3pb5s6g5pf5n9e19qvcbcp90f8,福建,2024.06.11,4,1227,15,3,之前都是正价买的！昨天看了姐妹推文，说美团欠骂。抱着试一试的心态 ，没想到真的有效果！！,美团
美团骂完就给，骂了你就开心了是吧 🙊,https://www.xiaohongshu.com/explore/666d5c79000000000e032a66,664ef24a00000000030309fe,羊毛使者eee,https://sns-avatar-qc.xhscdn.com/avatar/1040g2jo3134sd9qhna6g5pieu950u2fu59ivcd0,广东,2024.06.16,0,41,3,0,骂一次，好多了！贵的姐妹可以试试！挺好用的！就疯狂喷美团@美团@美团一直喷美团！！别停！,美团
,https://www.xiaohongshu.com/explore/666c5e4d0000000006004051,5f31e310000000000100ad53,陌笙,https://sns-avatar-qc.xhscdn.com/avatar/5f31e310000000000100ad53.jpg,广东,2024.06.14,0,14,4,0,@美团@美团@美团 不想再用美团员真的太差劲了还不如某饿了么@美团@美团  为什么别人开会员那么便宜，我就那么贵，@美团 @美团 @美团@美团 @美团 @美团 @美团@美团@美团天杀的美团@美团@美团@美团[生气R]@美团你大数据杀熟啊！！！凭什么我的神券要7.9啊，别人的都是2.9元，为什么我的这么贵啊，我要求平不然我要么！@美团 @美团美团你大数据杀熟啊！！！凭什么我的神券要15元啊，别人的都是2.9元，为什么我的这么贵啊，我要求平等！！！不然我要转用饿了么！我今天用了饿了么@美团  @@美团@美团@美团 @美团^_^@美团 太差劲@美团   外卖  @美团,美团
天呐！这年头还有人不知道薅券渠道,https://www.xiaohongshu.com/explore/6668706b000000000e0306c6,65d56271000000000d024bf7,小红薯65D66A63,https://sns-avatar-qc.xhscdn.com/avatar/645b7e90e29f7d0acadad8aa.jpg,河北,2024.06.11,11,73,33,2,店员小妹一声惊呼:天呐 你竟然不知道怎么薅券我的老脸真的被说红了这两天店里忙 和店员点外卖吃结果被店员狠狠嘲笑了一顿[失望R]	还有和我一样才知道的嘛？,美团
家人们，你们美团也这么🐶嘛,https://www.xiaohongshu.com/explore/666fb388000000001c03705d,666fa3b90000000003033a84,星星,https://sns-avatar-qc.xhscdn.com/avatar/1040g2jo3144og4jqhm605pjfkesguek4v2de8ao,广东,2024.06.17,5,71,18,4,🐠期几天就一直发一些威胁短信联系家里人，快被美团吓si了,美团
美团骂骂贴,https://www.xiaohongshu.com/explore/6639a41b000000001e018f96,553f99c7b203d96f2fe4b0b5,用户12579388,https://sns-avatar-qc.xhscdn.com/avatar/620bc82d1d103a17abb82c5a.jpg,未知,2024.05.07,0,85,2,0,美团 美团会员真的太差劲了还不如某饿了么好用真的想把美团给卸了不想再用美团点外卖 晦气死了美团 美团会员真的太差劲了还不如某饿了么好用 真的想把美团给卸了不想再用美团点外卖 昨天饿了么开了包年会员 晦气死了美团美团会员真的太差劲了还不如某饿了么好用真的想把美团给卸了不想再用美团点外卖 昨天饿了么开了包年会员 晦气死了美团 美团会员真的太差劲了还不如某饿了么好用 真的想把美团给卸了不想再用美团点外卖 昨天饿了么开了包年会员晦气死了美团 太垃圾了真的！！！！！！一会就卸载了美团！！！！真的太差了美团，马上卸载！,美团
百度文心大模型，又爆了！登顶 IDC、智源评测,https://www.xiaohongshu.com/explore/6671b80a000000001c022d72,5eef14a3000000000101de30,林小一,https://sns-avatar-qc.xhscdn.com/avatar/1040g2jo3124s08nfk2005nnf2ihgbnhgq43nn1g,北京,2024.06.19,4,1,5,1,百度文心大模型4.0在最新的FlagEval模型评测中以89.72的综合评分荣获闭源对话模型第一名，超越了字节云雀、豆包、阿里通义千问等国产大模型，以及OpenAI的GPT-4o。这一成绩标志着在中文语境下，国内头部语言模型的综合表现已经达到了国际一流水平。FlagEval是由北京智源研究院推出的大模型评测平台，它提供了科学、权威、公正和开放的评测体系。自2023年发布以来，FlagEval已经扩展到视频、语音和多模态模型的评测，覆盖了多领域。目前，它已经评测了300多个国内外开源和商业闭源的语言及多模态大模型。FlagEval的评测体系包括6大评测任务、近30个评测数据集和超过10万道评测题目。在FlagEval的榜单中，百度文心大模型4.0不仅在闭源对话模型中排名第一，其综合评分还高于其他所有参评的大模型。云雀2-Pro、豆包、GPT-4o分别位居二三四位，而百川、零一万物、kimi等则紧随其后。此外，国际数据公司IDC发布的《中国大模型市场主流产品评估，2024》报告中，百度同样位于第一梯队，并在7大维度上均为优势厂商。这些维度包括问答理解类、推理类、创作表达类、数学类、代码类的基础能力，以及toC通用场景类和toB特定行业类的应用能力。百度的生成式AI产品文心一言和文心一格在这些领域均展现出领先优势。百度文心大模型4.0的发布标志着基础模型的全面升级，其在理解、生成、逻辑和记忆能力上都有显著提升。截至目前，文心一言的用户规模已达到2亿，日均调用量也达到了2亿次。这不仅证明了百度在大模型领域的领先地位，也展示了其产品在实际应用中的广泛接受度和实用性。在大模型市场中，百度文心大模型4.0的成功不仅代表了技术的进步，也反映了中国在人工智能领域的快速发展和竞争力。随着技术的不断进步和应用场景的不断拓展，我们有理由相信，百度文心大模型及其相关产品将在未来发挥更加重要的作用，推动人工智能技术的进一步发展和应用。然而，尽管百度文心大模型4.0在评测中取得了优异的成绩，但报告也指出，大模型在toC通用场景类和toB行业应用场景类的应用能力还有待提升。这意味着，尽管大模型在基础能力上表现出色，但在特定应用场景下，其生成质量和效果仍需进一步优化和改进。,百度
百度搜索广告和抖音搜索广告的区别,https://www.xiaohongshu.com/explore/66728142000000000e031e0e,66557dba000000001e008fb3,哆哆,https://sns-avatar-qc.xhscdn.com/avatar/66581b7d28ae847124b3afc8.jpg,四川,2024.06.19,0,0,0,0,一、平台属性与用户行为：1.百度搜索主要作为搜索引擎，提供基于搜索词的广告投放服务。用户通过输入关键词进行搜索，意图明确，广告投放的精准度较高。2.抖音是短视频平台，其搜索广告主要基于用户兴趣和行为的广告投放服务。用户主要在浏览短视频时被动接触广告，因此广告投放的精准度相对较低，需要更多的创意和互动方式来吸引用户。二、广告形式与展现：1.百度搜索广告主要以文字和图片等形式展示。其广告展现形式丰富，可以定向推广，设置投放时间、地域、关键词和每日的最高消耗额等。2.抖音搜索广告则主要以短视频和图片等形式展示。它支持静态图片、动态视频、带有特效的创意等多种创意形式，能够吸引用户的注意力，提高广告的点击率。三、受众群体与定位：1.百度搜索广告的受众群体相对年龄较大，主要覆盖PC端用户。其覆盖用户面广，能捕获到精准用户，同时所获排名相对稳定。2.抖音搜索广告的受众群体更加聚焦于年轻人和消费者，尤其是90后、00后等年轻一代。抖音用户主要集中在18-35岁之间，热衷于观看和分享有趣、有创意的短视频内容。四、投放效果与评估：1.百度搜索广告主要以点击和转化为主要目标，其效果评估主要依赖于点击量、转化率等数据指标。2.抖音搜索广告则更注重品牌曝光和用户互动。抖音提供了广告数据报告，可以实时监测广告的展现量、点击量、转化率等数据指标，帮助广告主评估广告效果并进行优化。,百度
百度人精神状态领先人类100年,https://www.xiaohongshu.com/explore/6672818c000000001c021c9e,628577930000000015015bfb,白白荔枝肉,https://sns-avatar-qc.xhscdn.com/avatar/1040g2jo310prhgus6c505ok5eu9lamvraodb9do,北京,2024.06.19,0,0,1,0,三连即可帮你拦截工作的风,百度
百度文库nmsl,https://www.xiaohongshu.com/explore/6672331400000000060070cc,5aeec6024eacab5f8044d148,叶芝,https://sns-avatar-qc.xhscdn.com/avatar/1040g2jo31286e4b91m004a53jg305ka8g16ijs0,河南,2024.06.19,0,4,1,0,我不是开了vip吗[微笑R][微笑R][微笑R]干个啥都让开vip让充钱。百度你真该死了[微笑R][微笑R][抓狂R]速速死[抓狂R][抓狂R][抓狂R][抓狂R][抓狂R][抓狂R],百度
互联网大厂文化,https://www.xiaohongshu.com/explore/666b934b00000000060051ec,5c33760d0000000006032e12,北上小镇做题家,https://sns-avatar-qc.xhscdn.com/avatar/1040g2jo31319363e42005n1jeo6hmbgid7lbc4o,北京,2024.06.14,75,79,122,8,本篇以个人经历及周边了解给大家分析一下大厂的企业文化特点，给要去大厂或者准备去的朋友作为参考。这些特点只是个大概，因为公司大，每个部门不尽相同，另外职场多少都会有pua，不要太理想化也不用硬黑。[打卡R]首先说一下百度，作为进入的第一家互联网大厂，201几年的时候，百度作为bat之首，还是非常镀金的，公司以大学理念管理，互称同学，简单可依赖文化，精英派的氛围聚集了大批牛人，很多转战其他公司取得成就，有互联网军校之称。因为一些0到1文化的原因，慢慢业务减缩，精英出走，留了不少“老员油工条”维持，当然有机会还是值得去的。[打卡R]顺着说下阿里，这个公司一直盛传阿里味，但曾经到现在也是第一梯队的存在，味是有但是被黑的成分也是有的，只能说成败和阿里味都有关，与百度精英派不同，更适合形容为屌丝逆袭，要取得成功必须要有一些价值观支撑自己，从而形成别人所称的味。仁者见仁，总之这里适合有抱负激进的朋友。单纯点的来训练一下也未尝不可。[打卡R]腾讯一直很稳，说实话腾讯相对中和一点，不高傲也不搞价值观，安心赚钱才是王道，里边的朋友也是待了挺长时间。里边所谓的派系文化，其他厂也是有的，可能比较稳所以稍微多点，不行进去就站队嘛，打不过就加入。[打卡R]字节，后起之秀，曾经不起眼的小弟迅猛发展为大哥，因为早期多数是百度过去的，有一点百度的影子，但也是看不惯百度的一些诟病，超过百度也是合理，相对来说比较卷，累身但没那么心累。现在发展上升期，能去就去吧。[打卡R]蚂蚁，从阿里独立出来的集团公司，也有曾几一时的现象级产品支付宝余额宝，蚂蚁森林等，说来奇怪，也是阿里味最重的地，不知道哪个环节出错了。也算是大厂，能去就去，做好反p的准备就行。有可能再做出新的现象级产品。[打卡R]拼多多，这个不知道算不算大厂，要说市值肯定算了，和公司名称一样，就是拼，听说很多员工都是被阿里325过去的，和当年百度去头条的差不多，味可能少一点。应了那句话，三十年河东 三十年河西，所以永远不要低估自己，你可能适合更好的。[打卡R]华为，公司可能不属于互联网，简单说下就是有点国企风格，除非是天才，不然就去熬一熬，回报也是不错的[打卡R]京东，兄弟们在这就是要努力，别躺平，没有太多的文化规则，听话干活就好。[打卡R]网易，闷声发大财，公司比较低调，有朋友在那一待就是十多年，想稳定赚点小钱的加。[打卡R]滴滴，这家公司对员工福利还是挺照顾的。,百度
百度离职的心情be like！！！,https://www.xiaohongshu.com/explore/666c5d34000000000e03201d,5ddab21f0000000001002fb4,沈谙风子,https://sns-avatar-qc.xhscdn.com/avatar/1040g2jo30uq2aq4jlg005neqm8fg8btktsq9m20,上海,2024.06.14,6,44,60,17,北京六年，在百度工作了三年多，离别的心情是复杂且开心的。回想百度三年的工作，遇到过很不错的领导，也有很好的同事，感恩在百度遇到的真心真诚的朋友，没有他们，我在北京的日子可能会很难熬。同时也想说，这三年多，我经历了从业以来最复杂的人性内斗，职场政治，PUA（来百度前我从来不知道什么是PUA[doge]），璩静的精彩故事在不少部门都有上演，她只是一个缩影罢了。百度如果没有这种害群之马，我相信公司会发展的更好，可惜很多话语权都是掌握在害群之马手上。抛开这些，我还是很感恩百度，给了我还算不错的待遇，公司的人文关怀也做的不错，在大厂中不算太拉胯，正是因为百度的工作经历，给了我在跳槽时候更上一层楼的底气。有抱怨，有吐槽，但更多的还是感恩，感恩遇到的好人，也希望前司越来越好。而我，要好好去走人生的花路啦[举手R]  也欢迎大家评论区留言，关于百度，我知无不言[偷笑R],百度
百度怎么变成这样了 ？？,https://www.xiaohongshu.com/explore/666a9639000000001c037644,661398d600000000030313c3,白月胖,https://sns-avatar-qc.xhscdn.com/avatar/1040g2jo311jjmolhmi005pgjj3b0u4u3tu9fsd0,黑龙江,2024.06.13,0,0,1,1,不是啊 XYC肥大真的是这个吗 和我理解的不一样啊 [失望R] 百度我记得最之前的回复还是很专业的 现在怎么在胡说了呢,百度
百度降薪；员工猝死；理想画饼，回收股票,https://www.xiaohongshu.com/explore/667197d2000000000e0331ae,6377a1c1000000001f01fa5b,大厂往事爆料,https://sns-avatar-qc.xhscdn.com/avatar/1040g2jo30v52kf2e586g5ornk70nruiro0acdng,北京,2024.06.18,0,0,4,4,1. 百度	根据内部员工爆料，多个部门在沟通降职降薪，本次沟通以 7、8 级员工为主，部分高管也有涉及，被沟通的人下调 base 和职级。	2. 虾皮6月17日下午，虾皮研发中心一位员工突发身体不适，同事和公司于第一时间拨打120急救送医，但非常悲痛的是，该员工经抢救无效。	3. 理想画饼，裁员回收股票	年初理想汽车 2023 年超额完成销量目标，大手笔发放员工年终奖登上了热搜。	理想汽车于 2 月 8 日发放年终奖，普遍在 4 到 8 个月工资之间，根据个人绩效与所在部门有所不同。	于是李想开始给员工画大饼：“不能只学华为的流程，还要学习华为的利益分配”。	边画饼边制定裁员计划，变相回收员工股票，4 月末，公司管理层制定了裁员方案，整体裁员比例约 18%，意图在 6 月 15 日员工股票解禁日之前完成绝大多数的人员调整。其目的昭然若揭。	6 月 16 日理想汽车发布公告，公司根据 2019 年计划向 195 名雇员，授出合共 259.505 万份受限制股份单位，按照授出日期的 A 类普通股市价，平均每人授出约 91.8 万元。	若员工绩效目标考核不合格，则将归属员工的部分股份，会被公司没收。	这饼画得非常的好，绩效目标考核的结果是由老板定的，说你合格就合格，不合格就不合格，最终大部分员工，什么都拿不到。,百度
百度搜索引擎有毒吗？,https://www.xiaohongshu.com/explore/6671aeab000000001c035bc6,5ce1fe6c000000000500ede8,摄影师-南山书生,https://sns-avatar-qc.xhscdn.com/avatar/63e8cdda27a59f91cb13ae2c.jpg,陕西,2024.06.18,0,1,3,1,为什么百度搜索会这样，百度你可真下头啊，干的一点都不是人事，小日子伟大吗？百度内部是不是被侵蚀了？,百度
白蘋香｜百度输入法皮肤,https://www.xiaohongshu.com/explore/663e124a000000001e038ee0,657e697300000000190107e4,梅香小馆,https://sns-avatar-qc.xhscdn.com/avatar/1040g2jo312s0ql7lk06g5pbud5pma1v4penbjp8,未知,2024.05.10,0,0,3,2,闲看绿影自清圆，梅雨暂疏执扇。,百度
百度搜索内容删除技巧：不实信息危害,https://www.xiaohongshu.com/explore/666fbc6a000000000d00d4d1,6187a7d40000000010005908,熊心舆情优化,https://sns-avatar-qc.xhscdn.com/avatar/1040g2jo313ucidt6ho6g5oc7kva40m88scf9p50,四川,2024.06.18,0,0,0,0,在数字时代，搜索引擎如百度是公众获取信息的重要渠道。然而，当搜索结果中出现企业的不实信息时，这可能会对企业及其利益相关者造成多方面的损害。以下是一些具体的危害：	一、信誉受损企业形象破坏：不实信息可能贬低企业的形象，使消费者和合作伙伴对企业产生负面印象。	信任度下降：企业的客户或潜在客户看到不实信息后，可能会对企业的可靠性和诚信产生怀疑。	二、经济损失销售下滑：负面信息可能导致潜在客户流失，影响企业的销售额和市场份额。	投资者信心动摇：不实信息可能影响投资者对企业的信心，导致股价波动或投资减少。	三、运营受阻合作机会丧失：其他企业在考虑合作时可能会因为搜索到的不实信息而退缩。	招聘困难：优秀人才在寻求就业机会时可能会因为负面信息而避免选择该企业。	四、法律风险面临诉讼：如果不实信息损害了企业的声誉或造成了实际损失，企业可能需要通过法律途径维权。	合规性问题：某些不实信息可能涉及违反法规的内容，导致企业面临监管审查或罚款。	五、对策建议及时响应：企业应建立机制，一旦发现不实信息，立即通过官方渠道发布澄清声明。	积极沟通：与消费者和合作伙伴保持开放透明的沟通，解释情况并维护品牌形象。	法律维权：对于严重损害企业利益的不实信息，应考虑采取法律行动，要求删除虚假内容或获得相应的赔偿。	搜索引擎反馈：利用搜索引擎提供的反馈机制，举报不实信息，要求平台核实并处理。	总而言之，百度搜索中的企业不实信息对受害企业造成了从信誉损害到经济损失等多方面的不利影响。企业需要采取果断措施应对，同时也需要搜索引擎服务商加强信息审核，确保搜索结果的准确性和公正性。         #百度造谣信息删除,百度
GPT VS 百度  世界上哪些国家安全？,https://www.xiaohongshu.com/explore/66703456000000000d00e0a9,60c764610000000001003610,William,https://sns-avatar-qc.xhscdn.com/avatar/6247e1c3f6ec4b53eeb11512.jpg,奥地利,2024.06.17,0,0,3,0,找到被🈲用的原因了到过这些ip旅游或工作或在当地生活的朋友，说说图片里的回答准不准确？图1 图2来源自GPT，图3图4来源自百度。,百度
行业干货分享：人物百度百科该如何去创建？,https://www.xiaohongshu.com/explore/6670f508000000000e030291,5d12ca260000000016032050,从事运营的七设,https://sns-avatar-qc.xhscdn.com/avatar/625e864d9ba524a8658f94db.jpg,广东,2024.06.18,1,0,2,0,百度百科虽然人人都可以编辑，但不是人人都可以创建自己的百度百科。百度百科人物创建是有一定前提的，知名人物、公众人物、具有一定影响力的人物才可以上百科！	人物百科编辑需要注意以下几点：1、内容真实可查证，关键信息需有参考资料佐证。2、内容客观中立，杜绝主观、夸大、宣传等内容。3、内容不得含有广告，如二维码、电话、链接等。很多人创建不成功的主要原因就是参考资料不过关，什么情况下需要参考资料？1、编辑人物关键信息（如逝世日期、人物关系、所获荣誉、人物作品、人物经历、教育经历、情感经历、人物评价）时，需要提供大众认可的第三方权威平台佐证或工商局等主管单位的备案链接。2、编辑次要信息（外文名、昵称、出生日期、国籍、出生地、籍贯、民族、血型、身高、体重、学历、毕业院校、所属公司等信息），可使用所在公司官方网站资料进行佐证（或第三方权威平台资料佐证）3、参考资料必须是权威来源，经公众媒体传播的大众认可度高的资料可以使用，如：主流媒体新华网、人民日报、央广网、新浪网、环球网、腾讯网等刊登文章	接下来分享一个人物百科词条的模板：马某某，xxx年xx月x日生于xx省xx市，xx公司创始人。现任xx公司董事会主席兼CEO。目录1 人物经历2 主要贡献3 所获荣誉4 个人生活5 社会评价人物经历20xx年，马某某担任xx公司商业运营体系副总裁；20xx年x月，出任xx公司销售副总裁，负责xx方向；20xx年x月，出任xx公司董事会主席兼CEO。主要贡献首次提出xx理论，将xx商业模式引入中国；通过对xx行业商业模式的研究，提出了独特的xx理论，促进了行业的发展；通过对xx地方特产的定点帮扶，使100户居民脱贫致富。所获荣誉入选《中国企业家》最具影响力的企业领袖；入选《中国经济周刊》中国改革开放30年经济百人榜；入选2010年中国最具影响力的25位商界领袖。个人生活妻子：xxx 孩子：xxx社会评价马某某是海外华人归国的典范和榜样。（王xx评）马某某是纯粹的读书人，既朴实无华又富于传奇。（xxx杂志社评）马某某充满正能量的言行，能给予每一个聆听者积极向上的力量。（xx网评）,百度
百度也有今天，低级错误！,https://www.xiaohongshu.com/explore/666f8b76000000001c02bd37,666a582300000000030314aa,火火谈企业管理,https://sns-avatar-qc.xhscdn.com/avatar/1040g2jo313vhla4uho605pjab0hgu55a81hnd10,湖北,2024.06.17,0,2,2,0,百度总裁，璩静，为什么会犯如此低级的错误。 ​就是一个原因：脱离一线太久了，脱离一线业务太久了，只听汇报。一，1.做决策，最牛逼的这种人，只占世界上的10%，靠天赋做决策，做任何一个产品能够马上变成小白用户，站在用户的角度去思考问题。剩下百分之八九十的人，需要靠深入了解一线业务去做决策，比如，京东，大强子。二，所有从0~1的事儿，所有细枝末节，一把手必须亲自干，亲自参与到所有的方方面面。不要光听下属的汇报，因为他们一定会捡你喜欢听的话去汇报，隐藏掉很多关键的细节。三，我们，绝大部分，都是普通人，需要，专注思考，躬身入局，在做业务的过程中不断去迭代。只要，愿意，思考，勤奋，那么，好运一定会眷顾你！​,百度
到底有没有人管一下百度,https://www.xiaohongshu.com/explore/6628dc77000000000d033749,59e3879995c935732399ee20,老是想打哈欠,https://sns-avatar-qc.xhscdn.com/avatar/1040g2jo30p2t6lhg3q0049ubmb3pjrh0p2glap8,未知,2024.04.24,2,10,27,3,每次打开都是这个发现页面的莫名其妙的视频在领导面前打开搜东西一大堆这些整得彼此都有些尴尬呢😳 @百度,百度
现在的百度这么开放的吗,https://www.xiaohongshu.com/explore/64ccaacb000000000c037fdd,62bc1107000000001b0263ac,dla,https://sns-avatar-qc.xhscdn.com/avatar/1040g2jo3138c2bim3k5g5ols243msotcgmhdhm0,未知,2023.08.04,151,121,885,23,我当时失眠大晚上的 我在搜索那种如何解决失眠方面的问题突然给我蹦出来了一个反胃口的东西重点是当时凌晨四点多啊！！！ 之前百度还有一些比较💛色的东西真的现在已经把百度卸载了 建议严查 真的就是说未成年看了也不好 [失望R],百度
百度说了现在真实状况-揭开打工人遮羞布,https://www.xiaohongshu.com/explore/663ca8f3000000001e030578,5658e921e00dd8135e0ac77e,hahalong123,https://sns-avatar-qc.xhscdn.com/avatar/1040g2jo3113h7cnm6g0043ch6qki3hruobdboi8,未知,2024.05.09,47,368,147,18,其实百度没有任何问题，他说的现状都是现在正在发生的，只不过是很多打工人不喜欢听而已，但是不管怎么不好听，但是这是存在的，你觉得呢？我是过去打工真实经历，其实都是这样的。,百度
网红、小明星也能有百度百科，我感觉很惊讶,https://www.xiaohongshu.com/explore/667115630000000006005a3f,5f8952860000000001000003,大鹏-百科编辑,https://sns-avatar-qc.xhscdn.com/avatar/6430a6e15f098f6d8cb73b5d.jpg,湖南,2024.06.18,0,0,1,0,为什么很多网红或者小明星他们也都有百度百科？其实只要是网红或者小明星有一点小出圈，也就是被新闻媒体报道了，或者作品热度很高，那么基本上就符合创建百度百科的资格。怎么创建百度百科呢？首先就是你需要有新闻媒体报道，然后再注册百度账号，自己去百度百科官网创建，但是这个过程比较复杂，而且审核难度也比较高。所以很多人做百度百科还是麻烦了别人，尤其是网红小明星，让专业的人做专业的事。,百度
💥揭秘！我在大厂的神仙职场生活💖,https://www.xiaohongshu.com/explore/666b3874000000001d01b604,5bb8988dc91fa10001890532,Aimee,https://sns-avatar-qc.xhscdn.com/avatar/5bb89a0643caa50001468f84.jpg,北京,2024.06.14,1,10,7,1,虽然在百度实习只过了两三个月，但是感受过公司环境和浓郁的文化氛围后，真的慢慢对我司带上了滤镜～🌞通勤这里的上班时间是早十晚七，不过公司对于考勤的管理也相当人性化，晚到一点点也没有关系。比较方便的是，公司还有免费班车直达各大工区，通勤真的不是问题！工作日早上七点前和晚上十点后打车免费，周末直接全天免费！🏠住宿目前处于实习阶段，还住在学校。因此住宿不是大头，基本没什么开销～🍽️吃喝公司的食堂会随着季节推出时令菜品，大厦的档口我都超爱，每天都是干饭动力十足！下午一点后，还有免费的下午茶和水果送到工区，目前我见到了苹果，桃子，香蕉，梨等等，一周会有一次酸奶，反正下午的供应让水果脑袋狂喜！早餐和晚餐也有免费时间段，虽然口味一般，但胜在量多实惠！🏢工作环境在百度大厦旁边会有很宽敞的大道和绿树草坪，公司门口前是一个大广场，可以随便走走，这里也是午饭和晚饭后休闲散步的胜地🏃。中午吃完饭，和同组同事在这消消食还是很惬意的。有时能看到无人驾驶车在试驾，这让我对公司的技术有了真实的体验感！大厦内的办公环境舒适干净，办公桌也超级大，总体感觉挺满意的。🎁员工福利福利多到数不清！新入职的实习生都有入职礼包，每逢年节送的大礼盒更是让我惊喜满满！想不到实习生也能领到各种礼包礼盒！三八妇女节送的是防晒套装，东西很多又实用。在实用方面，感觉无人能打败百度…💼工作体验在百度，我真正地体验到了工作的充实和有意义。实习生的机会非常非常地多，虽然有时不可避免要做一些琐碎的活，但是更多是提供我们自主发挥的机会来让我们锻炼。总体感受就是累而充实，你会觉得时间过得很快，在这里的每一天都没有被浪费。最重要的是，百度的员工互称同学，这里就像校园一样温暖，并且公司的文创小店简单小铺设计了很多文化衫，归属感直接拉满！如果想要一份不错的实习体验，可以来百度试试！,百度
度厂同事说：“校招一定要来！”,https://www.xiaohongshu.com/explore/66179d99000000001b00ffd3,62037fb0000000001000b687,子洵同学,https://sns-avatar-qc.xhscdn.com/avatar/1040g2jo30uaf1tlol6005og3fuo41dk791hltv8,未知,2024.04.11,40,73,344,16,Hi这里是子洵同学，在百度三个多月的实习生活结束了，再次回想起来这就像一场美丽的梦，但又真切的改变了我的人生轨迹。	我和这份工作好像有特别的缘分，在两天的时间内顺利地拿到了offer，是我想做的B端，而且还是AI方向。更幸运的是，在这里遇到了和蔼有趣的老板和友爱的同事们，mentor人很好，经常和我沟通事项；工作内容十分锻炼人，在团队中我们有自己的工作节奏，大家相处也十分融洽，在未来的日子里希望有机会再和大家一起工作～	现在我已经回校继续完成学业啦，希望科研一切顺利！感恩有你，一路同行✨,百度
如何把百度账户做好,https://www.xiaohongshu.com/explore/66715a82000000001c02a53d,626760c10000000021026b3d,Aili,https://sns-avatar-qc.xhscdn.com/avatar/626760c10000000021026b3d.jpg,山东,2024.06.18,1,0,1,0,"如何把百度账户做好如何提高百度账户的转化率百度账户如何做好百度账户做好后,如何进行数据分析要将百度账户做好，以下是一些关键步骤和策略，以供参考：关键词策略受众人群分析：基于潜在用户、意向用户、目标人群和核心人群的不同需求，制定不同的关键词策略。关键词挖掘：利用百度统计、百度指数、5118等工具进行关键词挖掘，确保选择的关键词与产品特性和用户搜索动机相匹配。关键词属性：根据关键词的流量、转化、词量和单价，合理分配资源，确保高转化、高价值的关键词得到更多的关注和优化。账户结构优化推广计划扁平化：多计划推广，根据区域、产品、业务等进行划分，提高账户管理的灵活性和效率。创意撰写：针对关键词进行创意撰写，确保创意通顺、相关、吸引人，并插入通配符以获取更多飘红效果。账户计划搭建：根据关键词数量、业务类型等因素，选择合适的账户结构搭建模型，如按人群、时段、地域等进行分组。着陆页优化竞品页面差异化：相对于竞品着陆页，提升页面营销性，以增强获电竞争力。Banner设计：重视首屏展现的banner设计，突出产品描述和优势。网站结构与内容优化网站结构：确保网站结构清晰、合理，便于搜索引擎抓取和理解网站内容。内容质量：提高内容质量，确保内容原创或高质量的转载，结构清晰、易于阅读，并具有一定的价值。外部链接建设参与行业论坛、博客等平台，发布有价值的内容，吸引其他网站链接到自己的网站。与其他网站进行合作，互相引用对方的优质内容。利用社交媒体平台分享内容，吸引用户关注并分享。预算与人群设置预算设置：根据公司的实际情况和广告效果，合理设置每日预算，确保广告费用得到充分利用。人群设置：根据产品特性和目标用户，设置合适的人群属性出价，提高广告的精准度和转化率。投放地域与时间投放地域：选择在优质地域进行投放，提高广告的曝光率和点击率。投放时间：选择在优质时间段进行投放，确保广告在目标用户最活跃的时间段得到展示。综上所述，做好百度账户需要从多个方面进行优化和调整。通过深入分析用户需求、选择合适的关键词、优化账户结构和着陆页、提高网站内容和质量、建立外部链接以及合理设置预算和人群属性出价等措施，可以逐步提升百度账户的效果和转化率。参考：1.如何进行百度账户优化,百度账户优化的重要性分析 - 酷盾2.百度怎样设置账号管理-百度经验3.百度帐号怎么获得更大权限?_百度知道4.百度怎么进入授权管理-百度",百度
百度2025管培生实习笔试测评真题附答案！,https://www.xiaohongshu.com/explore/663d0017000000001e023f09,64a56a4e0000000011001eaa,Jennie的题库小店,https://sns-avatar-qc.xhscdn.com/avatar/64c7b86dc769459f3a5e2ccc.jpg,未知,2024.05.10,30,30,32,5,百度是全球最大的中文搜索引擎公司，致力于为用户提供“简单可依赖”的互联网搜索产品及服务。最近暑假实习管培生岗位也很热门🔥🔥🔥网申截止:5月17日笔试/测评:5.13-5.24🔅百度的笔试内容主要包括四个部分:[一R]言语理解15道题，限时15分钟	[二R]逻辑推理15道题，限时15分钟。需要准备计算器＋草稿纸＋笔！	[三R]资料分析15道题，限时15分钟。	[四R]奥数题11道题，限时15分钟。学姐收集整理好了百度测评的真题和答案，方便大家复习，需要的左下角🛒,百度
为什么百度推广越来越没有效果,https://www.xiaohongshu.com/explore/6671792a00000000060051a1,5a34d70211be103ff72f07fd,A百度马小位💋,https://sns-avatar-qc.xhscdn.com/avatar/5a34d77314de41306e2d5d32.jpg,上海,2024.06.18,1,2,1,0,为什么百度推广越来越没有效果首先，这个推广没有成效，一定是有原因的，往往有：关键词差、点击咨询、页面跳出率、恶意点击、成本控制等问题，那我们遇到了应该如何解决呢？一、竞价账户设置1.账户的预算许多时候竞价账户要面对每天的总预算限制去分配各个计划的每日费用，当在这样的情况下各个计划预算不足的话，广告展现会提前下线，当我们没有了广告展现，效果也就没有了，所以合理分配，是优化必要的措施。2.时间段安排竞价推广，对于投放时间应相当重视，通过分配各计划时段数据，然后对于分析的结果选择有利的时段投放，才可以优化账户。3.地域的投放结合行业自身分析，确定各区域的策略，使广告效果更好地展示和转化。4.匹配模式结合会计核算的基本情况，可以对流动词、转换词等关键词进行分析，并采取合理的匹配方式，使其效果更加准确。二、关键词关键词是SEM竞价推广的内部核心，在投标推广过程中，它确实是有效的或转换的词数不胜数，所以关键字的选择是非常重要的。我们可以通过搜索词报告、咨询数据或搜索引擎优化数据添加词语，根据用户的需要和关注点得出有价值和准确的关键词。三、恶意点击竞争行业缺少不了恶意竞争。面对恶意的点击，我们可以拒绝IP、使用关键字控制预算、精确地精炼关键字等方式来解决。四、落地页除了与客户登陆页面的相关性之外，它还需要吸引用户，抓住用户的需求，让用户看到并想产生咨询行为。网站的开放速度也必须快，否则用户将没有耐心等待。五、咨询网站上的咨询工具必须改进。在线客服是招标促销效果转化的一个重要环节。客户应该在产品知识熟悉度和回答问题方面有自己的技能。他们可以快速回答用户的问题，从而获得有效的信息进行转换，效果会很差。六、跳出率除了账号本身的问题外，页面也有跳跃率的问题，页面的设计也不是问题，但是竞价推广往往是点击无对话，打开后离开，所以不同的关键词对于页面的细化也是必要的。当页面匹配度较高时，账户跳出率自然降低。,百度
有些百度能不能不要危言耸听了,https://www.xiaohongshu.com/explore/666f0426000000001c035976,6248535f0000000010004adc,今天吃了没,https://sns-avatar-qc.xhscdn.com/avatar/1040g2jo30o6ogn73ie4g5oi8adfk0imsds9gd00,广东,2024.06.16,0,4,1,1,我有痛经，是那种蛮严重的程度，每次吃布洛芬我妈都会在旁边唧唧歪歪说布洛芬不能多吃，会得癌[汗颜R]我一搜才发现她是看了这玩意才凶我的，百度真的伤的都能说成死的为什么要这么夸张！！？我说布洛芬顶多对胃不好，难道真的要我忍痛吗（我还有牙痛），没有布洛芬还可以吃什么止痛药会好一些？,百度
我真服了百度网盘😅😅😅,https://www.xiaohongshu.com/explore/65e5566a000000000b0189b6,6104c3ca000000000100953c,楸湫日记,https://sns-avatar-qc.xhscdn.com/avatar/1040g2jo30n9cmg1f5m605o84of50959s91vuhv8,未知,2024.03.04,4,20,29,8,我请问我的网盘里为啥出现别人的照片和视频 ，里面竟然还有涉及到私密性的东西 我请问了 平时吃相差也就算了，限流就限吧，你这还搞出这种安全漏洞问题 真服了啊[生气R][生气R][生气R][生气R] @百度网盘 @百度网盘小助手,百度
2024年百度最新动态,https://www.xiaohongshu.com/explore/663ad993000000001e0215d7,63248ba300000000230393ed,互联网新闻,https://sns-avatar-qc.xhscdn.com/avatar/662df3a5d33255e9d33dd648.jpg,未知,2024.05.08,3,0,13,5,1. 百度2023年财报：百度集团发布了2023年的财报，显示总营收达到1346亿元，同比增长9%；净利润（非通用会计准则）为287亿元，同比增长39%。尽管如此，财报发布后百度的股价有所下跌2. AI产品发展：百度在AI领域取得了重大进展，特别是在生成式AI产品方面。百度的文心一言用户规模已突破1亿，显示出其AI产品的市场接受度3. 自动驾驶业务：百度的自动驾驶出行服务“萝卜快跑”取得了显著成绩，累计单量超过500万单，且在武汉地区全无人驾驶订单比例达到45%。百度在自动驾驶领域的研发投入和商业化前景受到关注4. 高管和业务调整：字节跳动、美团和百度等互联网大厂在2024年初进行了多轮高管和业务调整，这些调整可能预示着公司未来的战略方向5. 电商和内容领域：百度在电商和内容领域也展示了新的动作。据曝光的OKR显示，百度可能重启电商业务，并入局短剧领域，这表明百度在多元化发展方面的尝试6. AI营销平台：百度营销发布了AI Native营销平台轻舸，该平台利用生成式AI技术优化营销方案和广告投放7. 研发投入：百度在AI研发上的持续投入得到了体现，10年间研发支出超过1100亿元，增长了15倍，这一长期投资有望在AI技术发展的下半场中获得回报。2024年百度在财务业绩、AI技术发展、自动驾驶服务、高管变动以及新业务领域的最新动态。百度的战略调整和投资方向显示出公司正积极适应市场变化，寻求新的增长点。,百度
百度还有的“救”吗？,https://www.xiaohongshu.com/explore/66441dcf000000001e03a4ba,564e88d19eb5780e20d767ae,职场达尔文,https://sns-avatar-qc.xhscdn.com/avatar/1040g2jo30ufj12ejlg0042lep84d2pte2iakn78,未知,2024.05.15,23,90,47,34,先说结论吧，100%没有！作为一个17-19年在百度工作的人，说说自己的感受。	先说一段历史。当时陆奇回国成为集团COO，ALL IN AI还是非常振奋人心的。即便在业务侧，也可以感受到公司向上的趋势。但直到针对是否砍掉医疗广告的态度上才知道百度底层的价值观是什么，Robin直接拒绝了陆奇的提议，而向海龙只是那个背锅的。	当年90后和现在的00后一样，都是年轻的形容词。百度亿元收购了90后自媒体出身的“李教兽”的公司，成为百度的副总裁负责部分商业产品给向海龙汇报。印象比较深的有2产品，一个是智能标题，一个是自动化搜索词（不是这个名字但是这个意思）但是体验都很一般；反倒是当年的[今日头条]把这2个产品玩明白了。后来字节成为了APP工厂，贴吧，收购的YY，百度地图，百度干啥啥都不行。19年，百度广告收入正式被字节的前身，今日头条超越。	说下自己主观的感受（仅针对直销体系）在百度对新人是非常不友好的，看不到任何上升的希望。晋升，调薪都是论资排辈，毕竟10年+的老人还是非常多的。能力和产品不是晋升首要条件，溜须拍马才是。你看咱们的璩总不就是（蹭热点）	从价值观，到产品，到公司组织发展，百度面儿上啥也没做错，但也仅仅只停留在面儿上。,百度
,https://www.xiaohongshu.com/explore/666eb505000000000e031d0c,5e2677a900000000010018b0,叽叽咕,https://sns-avatar-qc.xhscdn.com/avatar/5e2677a900000000010018b0.jpg,辽宁,2024.06.16,0,2,5,0,百度是真恶心。。。都不是一回两回了。。。上次是说车牌有违章。。。,百度
公司来了个半吊子设计，每天上班全靠百度,https://www.xiaohongshu.com/explore/664eb60e000000000f00ece8,663dece4000000000d0255bd,无忧忧y,https://sns-avatar-qc.xhscdn.com/avatar/663f2ee886f6d50001c5cc72.jpg,湖南,2024.05.23,951,399,1332,25,[失望R]公司招了个新人坐我旁边，工作了几天看她也没有什么问题要问的还以为是个有经验，结果某一天突然看见她做东西竟然是在网站上搜流程...合着原来平常工作都是靠现搜啊....[汗颜R]这也不是长久之计啊，总不能每次有什么工作都靠教程吧，一些基础的工作还是要自己掌握一下小技巧，跟大家fen享一下我做设计的宝藏库吧。.🔮灵感网站（无水印、免登陆下载高清大图、上百种分类、海报设计、banner设计、插画设计、包装设计…）🔮Ai智能设计神器🔮设计师提升美感-插画宝藏网站🔮84款国风笔刷🔮450款样机素材🔮电商详情页模板🔮在线包装网站➕插件🔮5000款字体🔮光影笔刷🔮海报模板🔮24节气海报模板🔮PS形状预设🔮渐变色卡🔮作品集模板🔮Ps全套教程合集🔮立体字样机🔮宫崎骏插画笔刷🔮10000➕免抠图png🔮高质量-大厂设计师作品集🔮Ui作品集合集……[彩虹R]太多了就不一一打出来了，足够你们日常工作用到，真的要听劝！找素材真的很简单！,百度
高德至今都撼动不了百度的地位,https://www.xiaohongshu.com/explore/665f1613000000001500bec9,5f0ab34600000000010037ac,让我想想,https://sns-avatar-qc.xhscdn.com/avatar/1000g2jo2orfpqv8ju05g5noamd308dtcbflfiro,福建,2024.06.04,447,8424,3653,421,你身边用高德的多，还是百度的多，你认为呢？ ​​​,百度
,https://www.xiaohongshu.com/explore/666acd13000000001c022f39,62d43a510000000002001e44,,https://sns-avatar-qc.xhscdn.com/avatar/62d43a510000000002001e44.jpg,浙江,2024.06.13,0,1,0,0,百度地图，你真tm难用，能给人导到反方向去你真牛[赞R],百度
2023年腾讯阿里百度毕业多少人❓重灾区在哪,https://www.xiaohongshu.com/explore/660fd6e7000000001a00c503,64434b7a0000000012034ff9,大厂T哥,https://sns-avatar-qc.xhscdn.com/avatar/1040g2jo30n6nvg87lg005p239dt4mjvpjmkrnfo,未知,2024.04.05,63,6,87,12,"2023年Q1过后，各家互联网公司财报陆续发布，员工人数的变化自然成为焦点。近日读到HR俱乐部的分析，阿里、百度、腾讯的主要员工变化是：1️⃣首先看阿里-图2，阿里巴巴从2022年Q1开始大减员，连续8个季度，已减员40056人。单独算2023年，阿里巴巴减员20480人。从趋势来看，进入2024年，阿里巴巴还将继续保持减员。阿里巴巴人数占比近一半的是高鑫零售员工。阿里巴巴2年内减员4万人，高鑫零售就占了2.1万人。高鑫零售，核心业务是大润发，就是最近传言被阿里巴巴出售的实体零售业务。2️⃣ 百度员工变化-图3似乎每隔一两年，就有一轮大瘦身。2021-2022年，百度也同步""降本增效""运动，两年累计减少5700人。百度这两年，具体在技术研发、市场营销条线大幅减员-图4。3️⃣ 2023年一年，腾讯-图5减员3019人。 在2022年Q1-2023年Q2，腾讯连续有5个季度，累计减员11710。好消息是，2023年Q3-Q4，腾讯开始小幅增员，目前，总人数控制在10.5万人。😊我是来自鹅厂的资深产品人T哥，持续更新职场神器/能力提升/大数据领域的系列笔记，更多精彩干货详见主页，记得点赞转发关注哦！",百度
被百度裁了！活该公关出问题,https://www.xiaohongshu.com/explore/6641b1c0000000001e033c6c,5dbd5634000000000100bf2a,产品李经理,https://sns-avatar-qc.xhscdn.com/avatar/5dbd5634000000000100bf2a.jpg,未知,2024.05.13,3,8,13,3,其实本来百度公关VP这事我是没打算聊的，毕竟隔行如隔山，咱也确实不太懂为什么这么高的高管会有这么低水平的操作，只能说网络水很深，静子没把握住，也正常，不是谁都能像咪蒙啊，还有什么捞女导师一样，三句话就能搞来上亿流量，毕竟脱离群众太久了，还对外发声是很容易翻车的，让我想起来以前几次公司的高管在内网回帖，也是一样的傲慢，就有那种何不食肉糜的感觉。接地气才是大佬对外最好的人设，参考雷总和周总。说回内容本身，我倒没觉得刺耳，说的也都是大实话，现在高管有几个管下属死活的，确实又不是你爹你妈，就是看结果，但这是商业组织的本质，但是有些东西可以这样想，可以这样做，但是这样说就不太好了。能够做到视人为人，本来是很基本的要求，现在已经是对管理者的奢望了。本来这也没啥好说的，我对百度也没啥关注，但是上周五一个之前公司的朋友找我寻求帮助，说自己在百度被卡转正了，理由是“人员超负荷，架构变动”，让自己月内提离职，如果自己不提，到时候就直接单方面解除，不服就去仲裁...我寻思，这都什么年代了，堂堂百度还搞这个？几个问题想问问这个hr：1、人员超负荷，你招聘事后想你🐴呢？现在说这个2、觉得人不行就该赔偿赔偿呗，劝退+威胁是不是太掉价了，怪不得能出这种公关事故，整个公司的价值观就奇怪，搞公关的想着省钱搞流量，搞人资的想着省钱搞人走，真的太low了然后，我给到这个小伙伴的建议就是：1、抓紧时间找工作，别的都不重要2、要求离职时间往后抻，并且按照规定给赔偿3、不要被吓唬住，不按规定赔偿就不走，大不了就互相恶心，现在仲裁也方便的很，不要怂就是干4、如果拿到OFFER了，那其他的都不重要了，赶紧离开这个垃圾公司以前我一直觉得百度也算是老牌互联网公司里，少有的纯技术驱动的公司，搜索、贴吧都陪伴了我整个读书阶段，包括之后做产品也读了很多俞军老师的文章，还有对于Robin那种技术气质也是挺崇拜的，怎么公司就成了这个样了，让人唏嘘。也劝各位老板、HR，做个人吧，商业无情人有情，行业已经很冷了，就别雪中泼水了。,百度
广佛大学生找实习工作避雷广州百度！,https://www.xiaohongshu.com/explore/6628e0c70000000004018306,6628ded500000000070065b9,momo,https://sns-avatar-qc.xhscdn.com/avatar/645b6abf2e368555521befcc.jpg,未知,2024.04.24,1,26,25,10,广州大学生们避雷百度广州分公司！！！我是24届应届毕业生，去年找实习工作入职百度，签的实习协议，入职前已告知 Hr需要回学校答辩、毕业照等事宜，跟领导申请2天假（提前一个月已经申请过，说到时候再说），领导说现在业绩压力大，跟他的领导申请了，只给答辩当天一天假 。 真的不把实习生当人看，广佛的大学生们避雷！！实习协议里也全是保护公司的条款，完全没有提到实习和学校有关的事。朝9晚6双休都是骗人的，加班没有加班费，只有无尽的压力逼你走。,百度
当代年轻人各大App真是使用现状,https://www.xiaohongshu.com/explore/663b1450000000001e02e83f,64facc920000000005002645,司马二牛全然不知,https://sns-avatar-qc.xhscdn.com/avatar/1040g2jo313oag38oic005p7qpi9189i5raf0998,未知,2024.05.08,14,3,20,2,百度：看病量刑；小红书：百度；微博：维权发泄；微信：工作；B站：学习；抖音：吃饭拉屎；朋友圈：听歌；网易云：发状态；知乎：看小说；支付宝：充话费；短信：获取验证码电话：快递外卖；喜马拉雅：哄睡。,百度
百度的素质真的难评……,https://www.xiaohongshu.com/explore/665a7d3f0000000015012192,628039a30000000021028f70,Alone,https://sns-avatar-qc.xhscdn.com/avatar/1040g2jo3133kv92phi6g5ok076hod3rglcr5t60,陕西,2024.06.01,1,2,2,0,,百度
百度First day✨,https://www.xiaohongshu.com/explore/665430a20000000014018c5e,59ee11ab4eacab46206bb87d,Narbi-,https://sns-avatar-qc.xhscdn.com/avatar/1040g2jo310osqn516c1g49ur788qne3t4tsi4jg,北京,2024.05.27,6,74,95,30,入职第一天～氛围超级棒，同事小姐姐们好热情哟[派对R]简直是本e人的天堂，一下子自来熟了吼吼…,百度
公司甄选 | 百度公司高级管理层简介,https://www.xiaohongshu.com/explore/64e860f80000000003021315,631e9935000000002303ea82,职场一点通,https://sns-avatar-qc.xhscdn.com/avatar/1040g2jo30sdh8dffja6g5oouj4qovqk298gga38,未知,2023.08.25,113,17,266,30,[彩虹R][彩虹R][咖啡R][咖啡R][郁金香R][郁金香R].	李彦宏-- 百度董事长兼首席执行官.百度公司创始人、董事长兼首席执行官，全面负责百度公司的战略规划和运营管理.毕业于北京大学信息管理专业，随后前往美国布法罗纽约州立大学完成计算机科学硕士学位，并作为全球最早的搜索引擎技术研究者与顶尖工程师，先后担任道 • 琼斯公司高级顾问、《华尔街日报》网络版实时金融信息系统设计者，以及国际知名互联网公司资深工程师。他所持有的“超链分析”技术专利，是奠定整个现代搜索引擎发展趋势和方向的基础发明之一.《福布斯》“2012中国zui佳CEO”评选中，李彦宏名列榜首，并连续3年作为唯一内地企业家代表上榜“全球颇具影响力人物”.罗戎--   百度首席财务官（CFO）.全面领导百度财务体系管理工作。曾担任好未来教育集团（NYSE：TAL）首席财务官。此前，他曾在微软、联想、艺龙等公司工作.获得北京大学管理学和经济学双学士，于2006年在清华大学获得管理学硕士，随后又获得北京大学管理学博士学位.王海峰-- 百度首席技术官（CTO）.王博士先后创建和发展了自然语言处理、知识图谱、语音、图像、机器学习和深度学习等百度人工智能技术方向，先后负责百度搜索、百度地图、百度翻译、百度智能云等业务.沈抖-- 百度集团执行副总裁.百度智能云事业群组（ACG）负责人。2014年入选“北京市海外高层次人才”、“北京市特聘专家”.梁志祥-- 百度集团资深副总裁.百度集团数据隐私委员会主席，百度集团党委书记毕业于美国耶鲁大学法学院，获得硕士学位。之前，曾获得北京大学法学院学士学位.崔珊珊-- 百度集团资深副总裁.2000年1月加入百度，是百度七位创业员工之一，现任百度集团资深副总裁，负责人力资源管理工作。 崔珊珊历任初中高各级研发及技术管理职位，是百度核心技术部门主要负责人。.本科毕业于北京理工大学，硕士毕业于中国科学院大学.李震宇-- 百度集团资深副总裁.硕士毕业于北京航空航天大学。毕业后任职华为，曾获得华为zui高荣誉金牌奖。.现任百度集团资深副总裁，智能驾驶事业群组总经理。.,百度
百度地图裁员开始‼️比例20%,https://www.xiaohongshu.com/explore/65e9a5b4000000000102a401,5addb04211be106e09aecdac,大厂大怨种🦆,https://sns-avatar-qc.xhscdn.com/avatar/1040g2jo314262htbhm004a4on5o45jdc8vavg28,未知,2024.03.07,65,88,151,462,百度地图垮了又垮[石化R]百度全线裁员，收入已经不怎么涨了，AI折腾半天也赚不到多少钱，只能降本了 💔但是有一说一百度文心一言团队跳出去都double了[再见R]只能说人类的悲喜各不相同吧有没有人说一下裁员比例如何,百度
百度的名字是怎么起的？,https://www.xiaohongshu.com/explore/663de4df000000001e033ab8,64df0169000000000101179d,李妙名,https://sns-avatar-qc.xhscdn.com/avatar/1040g2jo30uck07535c605p6v05kga5st8t1gf1g,未知,2024.05.10,1,0,6,0,“百度”二字，来自于前南宋词人辛弃疾的一句词：众里寻他千百度。这句话描述了词人对理想的执着追求。1999年底，身在美国硅谷的李彦宏看到了中国互联网及中文搜索引擎服务的巨大发展潜力，抱着技术改变世界的梦想，他毅然辞掉硅谷的高薪工作，携搜索引擎专利技术，于 2000年1月1日在中关村创建了百度公司。              @小红书创作助手,百度
姐妹👭看腾讯/爱奇艺更便宜的方法,https://www.xiaohongshu.com/explore/667275d3000000001d019fb1,603f7f35000000000100752a,火星人看剧,https://sns-avatar-qc.xhscdn.com/avatar/1040g2jo313ua90eqie6g5o1vfsqg8t9aqi45lu0,湖北,2024.06.19,0,0,0,0,你平时怎么办会员咯？,腾讯
腾讯校招实习第一天指北,https://www.xiaohongshu.com/explore/6672652600000000060058ee,5fddd1ac0000000001009af1,露娜成长记,https://sns-avatar-qc.xhscdn.com/avatar/1040g2jo30smbt2lcju005nutq6m096nhnp03478,广东,2024.06.19,0,0,1,0,"实习第一天做什么	1️⃣自我介绍醒图可以找到模板修改图片和自我介绍想象我是e人, 什么都不害怕	2️⃣仔细阅读入职流程像是腾讯入职流程（傻瓜版）1加上直系领导联系方式2获取入职当天访客码3完成安全培训+考试4网上电子签约完成5带上身份证入职报道6获取访客码7 直接上24楼 T台8 拿好工卡+入职礼包9 开通手掌付款——中午食堂吃饭使用10前往工位，拿电脑（配的全新macbook air m3 16+512 非常丝滑）11 电脑配置12 吃饭认识同事熟悉工位13 薅羊毛：健身房+免费拿铁+山楂乌梅+花茶14 午休15 开始工作16 吃完饭17 班车回家	3️⃣分配任务，解决问题如何快速了解一个行业如何要任务，明白自己的目标以及核心考核的okr是什么了解你的工作内容	4️⃣快速学习+行动",腾讯
入职腾讯Day1,https://www.xiaohongshu.com/explore/66724ae7000000001d016ab8,5b84b024bd53ae00010a3610,是佑佑哦,https://sns-avatar-qc.xhscdn.com/avatar/1040g2jo310ipev4i6e004al1s2o28dggtsp2mn0,北京,2024.06.19,0,6,6,1,1. Base:腾讯广告 北京亚洲金融大厦（奥森旁边）2. 入职报到：[吧唧R]前一天收到人脸验证➕签约合同，[吧唧R]签约后收到访客码信息填写，9点的码10点前到即可[吧唧R]入职当天确认D座报道，（u1s1 体验不是很好，腾讯与亚投行共用大厦，且无人指引，导致找不到地方）[吧唧R]问保安刷码进入3层T站领工卡，[吧唧R]在hr这里建议开通微信刷掌！新人礼包是一只偷感很重的鹅[吧唧R]等mt领或自己去工位➕自己安装台式机3.上下班：早10晚7，但晚上8点后才能有第二天的夜宵券，基本也是8.9点才下班4.三餐：[萌萌哒R]第一天工卡刷不了，在录入信息，需要刷其他同事卡[萌萌哒R]腾讯会告诉你-天下没有免费的午餐[萌萌哒R]早餐10点前有，晚餐18点左右，刷工卡,腾讯
学会了，腾讯会员兑换到2025年6月了,https://www.xiaohongshu.com/explore/666bd4550000000006005458,66475fe20000000007007edc,小红薯664876EC,https://sns-avatar-qc.xhscdn.com/avatar/645b80521e6a57c3bdb8f301.jpg,安徽,2024.06.14,20,25,21,0,这波给力～泼天的富贵轮到我啦！！！,腾讯
腾讯实习一月感受：爱🐧！,https://www.xiaohongshu.com/explore/666d40e0000000000d00c064,62ed05c3000000001f007bde,Zodiac,https://sns-avatar-qc.xhscdn.com/avatar/62f37166391daafd316ea1ec.jpg,广东,2024.06.15,7,14,47,7,来腾讯实习一个月了。其实我一开始并没有抱很大的期望，毕竟“互联网大厂去魅”已经喊了很多年了。但是在我真正在腾讯实习了一个月之后，我觉得我之前的努力都值得。	🐧首先是企业文化和氛围，腾讯的文化不像阿里和字节那样的咄咄逼人，我所在的部门会有加班，但是氛围很好，同事们都非常和善优秀，毕竟对entj来说蠢人是真的难以忍受（）。另外，办公室里到处都是🐧，有种很神奇的归属感，哈哈哈哈！	💻在工作层面，我非常幸运，负责的是一大块AI应用的重新构建，虽然前期产出不太足，但是目前已经逐渐明晰了。我的mentor也非常棒，给了我很多帮助。	🏃生活方面，规律的上下班时间加上每日健身1h，我感觉身体状态比之前好了很多。和homie去各种地方玩和chill也是下班后难忘的回忆。	大厂是在裁员，35岁之后也不知道怎办，但是在此刻，我感受到了自己工作的意义和进步的身心状态，That's enough.,腾讯
你想去腾讯吗,https://www.xiaohongshu.com/explore/666db410000000001c029a12,60e97fae000000002002b469,星星,https://sns-avatar-qc.xhscdn.com/avatar/1040g2jo30td1bum2ju5g5o79fun85d39fq26q30,北京,2024.06.15,0,4,5,0,腾讯，互联网大厂,腾讯
腾讯会员共享,https://www.xiaohongshu.com/explore/666e8359000000000e030f2a,64e7557000000000020126f1,ing,https://sns-avatar-qc.xhscdn.com/avatar/1040g2jo311pad2qr0g005p77alo0i9nhdk3l2q8,湖北,2024.06.16,2,558,5,2,共享手机端和电脑端,腾讯
腾讯今年鲨疯了❗️半年5部连爆❗️,https://www.xiaohongshu.com/explore/666c5250000000001d018cda,5cd2b682000000001200ea8f,虱心疯,https://sns-avatar-qc.xhscdn.com/avatar/620b82e00b880b74088ada04.jpg,浙江,2024.06.14,14,1,31,5,妈呀！今年🐧的剧太顶了🆙半年热度破3万的居然有5部！1月《繁花》、3月《与凤行》、4月《承欢记》、5月《庆余年2》、6月《玫瑰的故事》……暑期可能会播的《长相思2》预测又是一部爆剧！	值得一提的是，《与凤行》是双平台同时播出，《庆余年2》已经全平台集均过亿播放量！	这几部剧的台词也都超棒👍🏻传达的女性观点、商战思想、恋爱观念、公平正义等都值得反复背诵。	《承欢记》：“嫁人哪有自己有本事可靠啊”《玫瑰的故事》：“不应该在感觉孤独的时候去谈恋爱”《繁花》：“心可以热，但头要冷”	……	🐧真是赢麻了！今天上线了腾讯视频VisionOS端，超600部长视频资源，“IP空间体验”“王者沙盘”“客厅巨幕影院”等沉浸式体验视频消费功能，支持杜比视界和杜比全景声，戴上简直是一种全新的视听体验啊！太牛了！,腾讯
腾讯视频吃相未免也太难看了,https://www.xiaohongshu.com/explore/66714e2e000000001c034db4,5e6607a10000000001006dc9,Danica,https://sns-avatar-qc.xhscdn.com/avatar/5e66081ae5d0180001e4a689.jpg,广东,2024.06.18,0,9,0,0,明明每个月都充了VIP，现在全都要svip才能看，那我充vip是干嘛的？给你每个月白送15块？？打工人的钱真好赚啊，我刚刚又白充了三个月，爱奇艺这些就不提了，全都一个样！有没有人管管…,腾讯
哇❗️腾讯视频真嘟是省钱哇❗️,https://www.xiaohongshu.com/explore/66128dc4000000001a00ec1a,6183b1e00000000010008b19,Kora数字中心,https://sns-avatar-qc.xhscdn.com/avatar/644befabc2729fae1a9c2a54.jpg,未知,2024.04.07,0,1,1,0,腾讯视频其实有很多便宜充值方法，但是不要贪小便宜，一定要小心有些商家会跑路导致会员会掉！会员充值可以放心选择我们[红薯R]店！靠谱！最近有姐妹反馈，贪便宜共用被马扁，请务必擦亮眼睛共用存在风险哦！	走[红薯R]店有保障！放心可冲！直接点左下角即可进入薯店！！！拍下即时到账[赞R],腾讯
✨腾讯手游✨来看有没有你的菜！,https://www.xiaohongshu.com/explore/666d1ffe000000000d00cfb9,664f1e0800000000070075b3,九游守护者,https://sns-avatar-qc.xhscdn.com/avatar/1040g2jo313o7tnh51m6g5pif3o41otdj0i72i3o,江苏,2024.06.15,0,0,0,0,Hey Bros👋这里是你们的手游推荐官小九🕹️ 推荐一波腾讯系的各类大热游戏吧！	🥇首先，如果你是策略类游戏的爱好者，那你一定不能错过「王者荣耀」🤴🏻一呼百应，万箭齐发，来一场公平对决吧！	🥈接下来呢，「和平精英」🔫值得你挑战一番。找准敌人，稳定枪口，火力全开，享受连续击杀的爽快。	🥉非常推荐你们试试「全民超神-手机开黑」🧙‍♂️开黑锄大地，等你来carry，一起创造属于我们的战斗传奇。	4️⃣挑战你的操控极限，「QQ飞车」🏎️等你来挑战。赛车就位，引擎热身，只等你风驰电掣一骑当先。	5️⃣还有你痴迷的「天堂2血盟」🛡️魔兽沙场，联盟荣耀，展现你的团队精神，与兄弟们一起征战。	6️⃣最后，轻松一把的「一起来捉妖」👻，谁说妖怪只是故事？带上你的精灵，开启你的捉妖之旅。	以上都是本次小九推荐的腾讯热播手游，你们觉得哪款最吸引你们呢？👀不妨在评论区分享你们的游戏体验吧！👇 记得继续关注小九，我会带来更多的游戏推荐哦！🤟,腾讯
这些年腾讯收购的国内外公司们,https://www.xiaohongshu.com/explore/666ba8440000000006004c62,5ff6b940000000000100661b,IT桔子,https://sns-avatar-qc.xhscdn.com/avatar/62d10b2db73654ea5913cb03.jpg,北京,2024.06.14,23,0,28,3,腾讯的收购版图，除了海内外游戏公司之外，还涉及幼教、导航、搜索引擎、电商等领域	        @知识薯,腾讯
腾讯我真是服了,https://www.xiaohongshu.com/explore/666e4c96000000000e032bde,5e6304e10000000001005205,momo,https://sns-avatar-qc.xhscdn.com/avatar/5e6304e10000000001005205.jpg,福建,2024.06.16,0,13,1,0,太久没有玩游戏了 今年想着和舍友打下游戏才发现信用分莫名其妙特别低 什么都弄不了 玩游戏打字打字不行 想语音输出也不行 什么活动都参加不了 就这样一直持续了好久 分也不涨 终于弄好了[哭惹R][哭惹R][哭惹R],腾讯
偷偷告诉你们！腾讯爱奇艺会员更便宜的方法,https://www.xiaohongshu.com/explore/66694ed3000000001c0293a5,657d08de000000002002cc1a,外星人影视,https://sns-avatar-qc.xhscdn.com/avatar/1040g2jo313u8t70bho6g5pbt13f85j0q2rurjd8,湖北,2024.06.12,4,124,6,3,分享一款宝藏app汇集了腾讯、芒果、爱奇艺、优酷、唑哩唑哩等影视资源!真的太香了[斜眼R][斜眼R]这个app的会员只需要29.9[害羞R][害羞R]一年你们敢信平时在家看个电视总是这样会员那样会员的还死贵死贵的现在想看什么剧就可以看什么！看剧自由了，再也不用找人借会员了💖💖💖追剧人必备！信➕喔,腾讯
35岁鹅厂裸辞，接香港公司5w+的offer,https://www.xiaohongshu.com/explore/666fef72000000001d018168,654dea3f000000000200d22e,陳先生在香港,https://sns-avatar-qc.xhscdn.com/avatar/1040g2jo311ku9au6mg005padt8vghkhethmffa0,中国香港,2024.06.17,7,6,4,3,今年2月份我拿了年终奖就裸辞了，不是冲动行事，而是“蓄谋已久”。虽然前辈和家人都劝我不要离开，理由无非是.1️⃣找工作难2️⃣家里没矿应该骑驴找马3️⃣企业很难接受空窗4️⃣腾讯是家好公司.但我还是选择离开，习惯了居安思危的我发现，腾讯无法陪我度过余生。首先即便在那里经历了几次升职，😅😅但本质上我还是个大头兵。大厂运转依赖的是完善的流程和机制，这样能最大程度摆脱对人的依赖，但同时在这样的生态里，人就变成了流水线上的螺丝钉，看不到成长空间；其次，大厂的24小时随时待命让我感到疲倦，我向往的是WLB，有生活有工作有朋友，但其实大厂内部还蛮看重人情世故的。。.反正我是对大厂祛魅了，在外人看来的光鲜亮丽，不过是拿健康和业余的生活时间作为交换罢了。现在年龄也摆在那了，不想再卷入其中。.✌️✌️去年趁着优才取消年度配额，申请了个香港身份，蹭了名企的光，成功获批，这也是为什么我有勇气裸辞！有了香港身份，意味着我可以到香港找工作机会，总体来说香港的就业环境比内地友好很多，中年危机感也没那么强。.⚠️给大家分享一些我用过的找工作渠道：🔸jobsdb：公司种类多，响应速度很快，第一天上午猛投了三四十家，然后下午就不停的收到面试电话了🔸简职HK：中资招聘天堂，更方便内地用户使用，上面经常会放一些香港职位，各行业都有🔸Linked in：面向全球的求职软件，外企比较多，可以建立属于自己的领英档案，方便找到校友内推！.现在已经在香港工作1个月了，健康的工作环境真的很重要，感觉自己能量场都变强了，不过香港消费高，算下来其实和内地也差不多，但朝九晚六、周末双休，工作强度是我比较倾向的😎希望2024年能做更快乐更自信的自己！.,腾讯
如果可以选择，你愿意给谁当员工？,https://www.xiaohongshu.com/explore/666aeaaf000000000e0321a4,664af9da00000000030304a5,在人间负债,https://sns-avatar-qc.xhscdn.com/avatar/1040g2jo3130tav3d6o6g5piav7d0u155pk72nf8,广东,2024.06.13,7,3,13,2,如果在以上老板跟企业家中，选择一个当你的老板，你会选择谁？马云、刘强东、张一鸣、马化腾、雷军、钟睒睒、黄峥、丁磊马云：阿里巴巴集团创始人，是中国乃至全球知名的互联网企业家。他以其独到的商业洞察力和领导力，将阿里巴巴发展成为全球最大的电子商务平台之一。刘强东：京东集团创始人，以其对供应链管理和客户服务的重视，将京东打造成为中国领先的电子商务公司之一。张一鸣：字节跳动创始人，公司旗下拥有多款流行的内容平台，如TikTok（国际版抖音）和今日头条。张一鸣以其对算法和内容分发的深刻理解而闻名。马化腾：腾讯公司创始人之一，腾讯是中国最大的互联网综合服务提供商之一，旗下有QQ、微信等广受欢迎的社交平台。雷军：小米科技创始人，以其高性价比的产品和“互联网+硬件+新零售”模式，引领了智能手机和智能硬件的创新。钟睒睒：农夫山泉创始人，以其独特的营销策略和对产品质量的坚持，使农夫山泉成为中国知名的饮用水品牌。黄峥：拼多多创始人，通过社交+电商的模式迅速占领市场份额，成为中国电商领域的重要玩家。丁磊：网易公司创始人，网易是中国最早的互联网公司之一，业务涵盖在线游戏、电子邮件服务、在线教育等多个领域。评论区告诉我答案？                           #钟睒睒,腾讯
,https://www.xiaohongshu.com/explore/666ec47a000000001d017f3c,62b02670000000001b02875c,',https://sns-avatar-qc.xhscdn.com/avatar/1040g2jo313tebqdqic605olg4po6t1qsdb2i4j8,河南,2024.06.16,0,4,1,0,还有人不了解么?腾讯视频会员月卡才6元!【秒到账!!!】腾讯一个月vip 腾讯会员月卡正规直充!少量手慢无!第二个月自动取消，不会扣费用，需要验证码(能接受的来)验证码需要配合配合配合，重要的事说三遍!!秒到账!【温馨提示】1、下单后，在线充值!请联系客服2、下单前请确认充值账号准确无误一旦充值成功后不支持退换。【重要提醒】1、仅支持手机、电脑、平板，不支持电视端，投影仪使用2、买家发错号码导致充值成功，概不退款!3、请您务必检查好自己要充值的账号!4、虚拟产品到账麻烦确认收货，安全放心!有任何问题随时联系在线客服#腾讯视频vip #腾讯视频会员 #腾讯视频,腾讯
腾讯视频,https://www.xiaohongshu.com/explore/6671126f000000001c02bed2,5c63996e000000001200ce21,咕嘟冒泡,https://sns-avatar-qc.xhscdn.com/avatar/64fda535a864902d5bb0d740.jpg,重庆,2024.06.18,0,17,0,1,找个稳定搭子腾讯会员共享  年卡  找好了再开卡AA	最好是就两个人一起用，什么端都可以,腾讯
期待已久的《金融时报》年度商业图书，来了,https://www.xiaohongshu.com/explore/652f97fd000000001f0045fe,5cbf158c000000001200d57b,浙江人民出版社,https://sns-avatar-qc.xhscdn.com/avatar/6221e62ca2ca60d6a1bacd22.jpg,未知,2023.10.18,93,5,119,11,⌨️爱看经管书的朋友，来新品啦~-⌨️《金融时报》《纽约时报》《泰晤士报》2022年度商业图书：	📖《腾讯：一个科技帝国的崛起》-📘【这本“腾讯传”有什么不一样？】-1⃣️视角新颖，作者为美国彭博社科技记者，对中国科技领域跟踪报道十多年，曾对马化腾本人、他身边朋友、🐧腾讯一众高管进行了大量访谈，掌握了相当有分量的内幕，采访过程和细节系首次披露。-2⃣️从海外视角讲述中国科技巨头🐧腾讯如何开创黄金时代，以及在科技新范式下面临的困境。-📘【可以带来哪些新知？】-1⃣️这本书呈现了腾讯的发展历程、成功经验，以及腾讯如何适应国内的企业环境，从而实现长足发展。-2⃣️它不仅是一部企业传记，对个人成长也有重要意义。无论是企业家、 投资人还是普通读者，都可以从中获益。-🐧目录：▪️第一章 小马哥传▪️第二章 企鹅进行曲▪️第三章 对战巨头：灵魂探寻之旅▪️第四章 风向标▪️第五章 宿敌阿里巴巴▪️第六章 美团投奔腾讯▪️第七章 微信：中国的虚拟城市广场▪️第八章 网约车大战▪️第九章 征战游戏▪️第十章 决战在手游▪️第十一章 灵活的巨头▪️第十二章 元宇宙和未来的方向-,腾讯
真不错呀，腾讯会员，几分钟就搞定了,https://www.xiaohongshu.com/explore/667031d1000000001c03554b,637c96700000000023029fad,梦里看海,https://sns-avatar-qc.xhscdn.com/avatar/1040g2jo3125rllgp4e5g5orsipo8t7tdkpmairo,江西,2024.06.17,0,0,0,0,几分钟就领到搞定了，腾讯年卡会员，厉害了哈哈！想兑几年就几年，我是到2028年！,腾讯
也算是拒绝过腾讯游戏的人了～,https://www.xiaohongshu.com/explore/666fc511000000000e03116b,622c9ab6000000001000af6f,格大金泰亨（社会学读博版）,https://sns-avatar-qc.xhscdn.com/avatar/1040g2jo30vn8ihi962005ohcjar41brf0dt025g,浙江,2024.06.17,1,25,7,6,主要负责游戏和电竞比赛策划，Lpl和kpl(50%)和其他腾讯子公司电竞比赛直播。因为base深圳，并且没有房补，距离我开学的时间也不太够了，但是还是认识到了腾讯游戏的一些人脉～如果感兴趣的可以直接在官网投递或者走内推。,腾讯
入职鹅厂一年带给我的变化,https://www.xiaohongshu.com/explore/6644891d000000001e02263a,5f33baf0000000000101dcaf,阿曼达小朋友,https://sns-avatar-qc.xhscdn.com/avatar/1040g2jo3115ru2tkma005npjnbo0bn5fqtvsqmg,未知,2024.05.15,1909,4158,34933,4692,眼里没光了哈哈哈一样的衣服一样的姿势一样的滨海展厅但沧桑了很多（可能和光线拍照滤镜都有关系哈哈哈）工作让人沧桑,腾讯
总要来鹅厂看看吧❗这三个地面机位不能错过,https://www.xiaohongshu.com/explore/6628d833000000000d033bab,5dfe74b9000000000100bdc8,边南LEVART,https://sns-avatar-qc.xhscdn.com/avatar/1040g2jo3114glmc2mg005nfueisg9fe844iiktg,未知,2024.04.24,304,50,516,167,"腾讯创立不过二十几年能做到如今的行业巨头离不开在座的各位挥洒青春~这次来夜拍它豪气的总部大楼周末的晚上依然灯火通明切身体会到了大厂的工作强度	围绕着大厦有三个地面机位既不用爬山也不用爬楼下面就跟随我的脚步去看看吧！具体行程位置放在了最后-🕙时间：全天开放🎫门票：免费免预约📍地址：深圳市南山区海天二路33号🚇交通：地铁9号线深大南站A1口出，步行300米-📷【拍照攻略】1️⃣海天二路（图2,3,4）这条街将腾讯滨海大厦的建筑体量呈现的淋漓尽致，有一种莫名的城市巨物感，通过中长焦压缩空间的效果（70mm以上，等效手机3倍变焦），会使画面更加震撼2️⃣深圳湾创业广场（图1,5）大厦的东门前广场，用超广角镜头仰拍（图中最广用到了20mm，等效手机0.7倍变焦），能完整拍到大厦的全貌，这里也是拍地面夜景的绝佳位置3️⃣书山路（图6）沿着书山路，一路走到创世纪滨海花园-东门的位置，这里可以拍到居民楼与未来感高楼的跨时空对比，使超现实主义魔幻都市有了模板-持续分享更多深圳拍照打卡地和旅行攻略，我们下篇笔记再见👋🏻-",腾讯
🧸腾讯入职第一天,https://www.xiaohongshu.com/explore/665dbfaf000000000f00d889,6172168f000000000201ae05,CC,https://sns-avatar-qc.xhscdn.com/avatar/1040g2jo3135rpesd7i0g5obi2q7gjbg5ekro89g,广东,2024.06.03,23,103,199,76,领了看起来偷感很重的鹅，摆拍了很多张自拍一下午接了四个需求，开了两个会这个firstday含金量还挺高的,腾讯
3234天腾讯体验卡结束啦！,https://www.xiaohongshu.com/explore/660b6ca6000000001b009e5c,62ceaae6000000000200300f,甜罗姑娘,https://sns-avatar-qc.xhscdn.com/avatar/1040g2jo3143ds7ld1k6g5omelbj0gc0f6hfh4do,未知,2024.04.02,236,490,3127,502,鹅厂9年之旅正式结束🔚ฅ՞•ﻌ•՞ฅ觉得自己从入职一路走来都是幸运的那个，在TGP遇见了 Mr.right，也遇见了最好的领导；在发行线搭上了手游的末班车，也结交了上班以后认识最好的姐妹；有幸陪英雄联盟手游一起筹备 2 年成长 2 年，也圆了做英雄联盟的游戏梦。但是 9年了，迈出这一步也确实不容易吧，需要感谢的除了爸妈作为后盾，还有男朋友无条件的支持，他们都是我最大的底气！希望从此，天空海阔，星辰大海！-----------以上内容是昨天办完手续后发的朋友圈，微信被轰炸的感觉像被网暴了一样根本停不下来。好几个朋友都来说你真的闷声做大事，太酷了，9年了怎么舍得?但内省之后发现，当自己整个人的状态都因为工作而不好了时候，停下来歇一歇或者换个环境试一试也许才是正解。3月初提完辞职的那一刻，真的是9年都没有过的轻松，交接结束后不用看企业微信不用回群消息没有任何内耗的那两周，我能感觉到自己整个人的皮肤到精神状态都在变好，在逐步找到自己，找回自己。昨天删除企业微信的那一刻，手机空出来的近30G，这真的就是帕鲁的青春。失去灯火，才能又见繁星。,腾讯
腾讯工作第七年，同事偷拍的我,https://www.xiaohongshu.com/explore/665d58da000000001303cb6f,640041860000000010026fa4,梁也,https://sns-avatar-qc.xhscdn.com/avatar/1040g2jo313hdkt4ug40g5p0086344rt448bgig8,广东,2024.06.03,181,550,1897,96,某同事：@沈葭Samjey,腾讯
公司甄选 | 腾讯集团管理层架构,https://www.xiaohongshu.com/explore/65d196740000000001028916,631e9935000000002303ea82,职场一点通,https://sns-avatar-qc.xhscdn.com/avatar/1040g2jo30sdh8dffja6g5oouj4qovqk298gga38,未知,2024.02.18,997,272,3934,179,[彩虹R][彩虹R][钱袋R][钱袋R][烟花R][烟花R].	马化腾-- 腾讯集团董事会主席兼首席执行官.腾讯公司创始人、首席执行官、深圳市潮汕青年商会荣誉会长、深圳潮青会永远荣誉主席、第十二届全国青联副主席、第十二、十三届全国人大代表、腾讯公司董事会主席.马化腾毕业于深圳大学计算机及应用专业，获理学士学位。.刘炽平-- 腾讯集团总裁.2005年加入腾讯，出任本公司首席战略投资官，负责公司战略、投资、并购和投资者关系方面的工作。.拥有密歇根大学电子工程学士学位，史丹福大学电子工程理硕士学位以及西北大学凯洛格管理学院研究生院工商管理硕士学位。.许晨晔-- 腾讯首席信息官.任职于深圳数据通信局，积累了丰富的软件系统设计、网络管理、市场推广及销售等方面的管理经验。深圳大学计算机及应用专业，并拥有南京大学计算机应用硕士学位。.任宇昕-- 腾讯首席运营官.全面负责互动娱乐业务系统的游戏开发、运营、市场、渠道销售等工作.张小龙--  腾讯集团高级执行副总裁.全面负责微信事业群的管理工作。2005年加入腾讯，带领团队将 QQ邮箱建设成为中国最大的邮件服务商；于2011年推出微信，被誉为“微信之父”.毕业于华中科技大学电信系，获硕士学位。.James Mitchell--  腾讯首席战略官.James Mitchell是高盛纽约分公司的董事总经理，主要负责通讯、传媒及娱乐等行业的研究工作，对全球互联网、娱乐和传媒等行业都有深入了解。	.毕业于英国牛津大学，拥有特许金融分析师资格.汤道生-- 腾讯集团高级执行副总裁.美国密歇根大学获得计算机工程学士学位，并于斯坦福大学获得电子工程硕士学位。.刘胜义-- 腾讯集团高级执行副总裁.作为全球首席营销官增长委员会25位创始成员之一，他与其他全球营销领袖分享智慧，赋能行业，驱动增长。.罗硕瀚--  腾讯集团首席财务官.2012年5月，罗硕瀚出任腾讯首席财务官。在加入腾讯之前，他曾在普华永道会计师事务所工作。.拥有西澳洲Curtin University商学会计学士学位及美国西北大学凯洛格管理学院和香港科技大学EMBA学位.,腾讯
国内互联网大厂市值排行榜， 谁与争锋？,https://www.xiaohongshu.com/explore/66540a96000000000500680c,64bf7a3100000000140345b0,蚂蚁大喇叭,https://sns-avatar-qc.xhscdn.com/avatar/1040g2jo311arf1h66i6g5p5vf8ol6hdgei7rmu0,上海,2024.05.27,12,41,36,9,截止到24年5月25日，国内市值最高的互联网大厂排行top10（仅讨论上市企业）	1，腾讯 456B2，PDD 219B3，阿里 197B4，美团 92B5，网易 59B6，京东 47B7，百度 35B8，携程 34B9，快手 31B10，滴滴 23B	你更看好谁的后续发展？一起来讨论	#企业#互联网 #互联网大厂#市值  #财经知识 #数据 #行业 #行业分析 #行业研究 #干货 #投资理财 #腾讯 #阿里 #美团 #京东 #网易 #携程 #快手 #百度,腾讯
国产三大游戏厂商，你玩过几款？,https://www.xiaohongshu.com/explore/66053e94000000001202376c,630dcfc9000000001200c8c9,挖机机哇,https://sns-avatar-qc.xhscdn.com/avatar/630dd1c25242ff4b42a25b79.jpg,未知,2024.03.28,372,239,1287,15,✅腾讯：王者荣耀，欢乐斗地主，金铲铲之战，英雄联盟，和平精英，穿越火线✅米哈游：原神，崩坏3，绝区零，崩坏学园2，崩坏3，未定事件薄♻️网易系：光遇，第五人格，梦幻西游，阴阳师，蛋仔派对，明日之后✅玩游戏真的需要用性能强的手机，我准备把备用机卖了换成红魔了#游戏,腾讯
求求了，腾讯高管,https://www.xiaohongshu.com/explore/650428a50000000015008706,633e490c000000001801f048,蛤蟆别来烦我,https://sns-avatar-qc.xhscdn.com/avatar/644cf942b81a2b454d5ce60f.jpg,未知,2023.09.15,4,9,29,2,有空带你们的员工见见世面吧，什么都是搞hs，别就想着挣钱，提高提高员工的素养吧，无脑举报都能成功，真的很棒哟[赞R],腾讯
姐妹们这个腾讯会员可以冲‼️,https://www.xiaohongshu.com/explore/6630f8b3000000001e02f8fe,5caae8c3000000001003b444,云链喵,https://sns-avatar-qc.xhscdn.com/avatar/1040g2jo3100i3sik640g5n5at31k7d249k1pok8,未知,2024.04.30,1,0,5,1,给宝子们安利一个划算充值腾讯会员渠道不要再原价续费啦[打卡R]	[红薯R] 到账方式根据【订单备注】自动充值[打卡R]通常1-3分钟即可到账💨充值到你的号码[红薯R] 可靠性所有产品都是官方直充[购物车R]无需接收你的验证码以及连续续费[烟花R][请文明R]官方直充都是不需要验证码的哦‼️[红薯R] 关于价格由于是正规渠道✔️价格肯定做不到白菜价捏[探店R]那种极端低价通常没那么简单[再见R]	左下角进🍠店可能🈶️薯薯优惠券，快囤起来～,腾讯
腾讯会员4.99一个月,https://www.xiaohongshu.com/explore/666bc899000000001c0200a9,63030ee7000000000f005afd,小小会员,https://sns-avatar-qc.xhscdn.com/avatar/7121a416be8e543266fd62c1cc9d575e.jpg,吉林,2024.06.14,2,69,9,6,直充手机平板电脑可用4.99一个月,腾讯
腾讯网易都做游戏，为什么丁磊没人骂？,https://www.xiaohongshu.com/explore/665bbb19000000000c019bb8,61eb544f0000000010008c73,桃书,https://sns-avatar-qc.xhscdn.com/avatar/665a82c0d06a55231f91b474.jpg,江苏,2024.06.02,22,425,82,7,同样是做游戏的，网易的游戏大部分都是针对青年人，这也是为什么很多人会骂腾讯，骂马化腾，而骂网易丁磊的会少一些，用户群体基数决定了负面声音的基数。当然我们也不可否认，腾讯手游的确对很多的青少年，不管是在身体健康成长方面还是在心理方面，或者是在学习方面，或多或少都有非常严重的影响。事实上每一款游戏都是针对特定群体，从心理学，行为学，和决策行为的角度来进行深度针对性的开发的，这也是为什么很多人玩游戏容易成瘾的原因所在！网易在游戏业务上的特点、丁磊的管理风格以及积极履行社会责任等因素共同作用，使得网易在游戏市场上赢得了良好的口碑和公众的支持。因此，尽管腾讯和网易都是中国游戏市场的重要参与者，但丁磊相对较少受到公众的批评和责难。,腾讯
腾讯实习｜入职Day流程记录📝,https://www.xiaohongshu.com/explore/66686583000000000d00e8bd,5f05ceda000000000100065e,oli_,https://sns-avatar-qc.xhscdn.com/avatar/61e5815ee9a7434563e71304.jpg,广东,2024.06.11,45,20,53,1,.今天是入职鹅第一天呐~ mentor和组里的哥姐都好好 简单记录一下新人入职的流程和日程！🥺🥳.1/ 报道要先去打印一个访客码才能进去哦  在大楼外面打印滴🖨️2/ 大家记得提前做好新人学习课程&一切入职报到前要完成的事情 到现场hr办手续也很快，发好工卡和鹅就会有工位/mentor和其他联系人的相关信息到邮箱~3/ 电脑一般12:00前会派送到工位or导师那里，大家记得去问问🤭4/ 第一天新鹅的卡应该是没办法刷滴👽进出都需要别人帮下忙，一些权限也还木有，第二天就好了！5/ 大家可以在早上报道时开通刷掌支付🖐️吃饭的时候看到好多同事都是这样滴很方便！吃饭不用刷卡啦～6/ 注意⚠️电梯略微有点复杂，上电梯之前去旁边的屏幕选一下楼层🤝另外大家看好自己的/吃饭地点楼层 & 位置在北or南塔，去一些楼层的时候需要先到中转层（互通南北塔的）7/ 我领到的是台式机，第一次安也蛮简单的💻注意网线连接和信号线链接（主机和屏幕直接看背后的插口，找对应的线插上去就好啦！8/ mentor会带我认识一下team其他同事，也讲了对我的一些期待和底层逻辑的重要性~ 期待更多的交流哇🤩.第一天体验很好！mentor给了一些文档和链接可以先学习着 是全新的领域和知识 但是和学过的知识也有联系~ 希望自己可以做好记录 整理好自己的观察和收获！😬🎃.          @知识薯 @生活薯 @小红书REDesign @小红书创作助手,腾讯
腾讯最值得去的部门！,https://www.xiaohongshu.com/explore/66572e0900000000050048e4,6040eae5000000000101e9af,小王学长校招陪跑,https://sns-avatar-qc.xhscdn.com/avatar/1040g2jo30vtk45uuls0g5o20tbigbqdfq2jeiag,北京,2024.05.29,34,21,61,10,腾讯最值得去的部门有哪些～不过PCG 和 CSIG 的裁员率有一点高,腾讯
深圳📍腾讯鹅厂一日游🐧解锁互联网的秘密㊙️,https://www.xiaohongshu.com/explore/662ba562000000000401b90a,5c7ba5980000000017007ed2,芝士汉堡🍔,https://sns-avatar-qc.xhscdn.com/avatar/1040g2jo30ptm22si6i005n3rkmc5ovmif4edkko,未知,2024.04.26,13,25,28,8,🚀 【探秘科技巨头】一日游腾讯，解锁互联网的秘密！🏢🏙 腾讯大楼初印象一走进腾讯大楼，就被这现代感满满的建筑设计震撼到了！全玻璃幕墙反射着深圳的蓝天白云，简直不要太酷炫！---🖥 探秘腾讯文化- **创新精神**：腾讯的创新文化无处不在，从员工的工作方式到产品的研发，创新是这里的DNA。- **开放办公**：开放式的办公环境，鼓励团队协作和知识分享，感觉每个人的创意都能在这里碰撞出火花！🎮 游戏与娱乐区公司内有篮球场 运动场地 咖啡厅 健身房 幸福指数不要太高！---🍽 员工餐厅体验不得不提的是腾讯的员工餐厅，种类丰富到让人眼花缭乱！	📸 打卡点推荐- **腾讯雕塑**：大楼前的腾讯雕塑是必打卡的地方，代表着腾讯的企业精神。- **空中花园**：在大楼的空中花园，可以俯瞰整个科技园区，景色美到让人心旷神怡！---💡 小贴士- **提前预约**：腾讯公司参观需要提前预约，不要白跑一趟哦！- **保持好奇心**：在这里，每一步都可能发现新惊喜，保持好奇心，你会发现更多有趣的地方！---💬 参观腾讯不仅是一次视觉盛宴，更是一次心灵触动。这里的每一处细节都让我感受到了科技的力量和创新的魅力！---🎉 如果你也是科技爱好者，或者对互联网大厂充满好奇，腾讯公司绝对值得一游！办公氛围环境真的很不错！---🤔 什么时候能换专业去腾讯实习呜呜呜！下辈子一定！,腾讯
已经加入腾讯一个月啦！,https://www.xiaohongshu.com/explore/66683ebb000000001c022a3d,5fe9d8690000000001007e56,想喝蜂蜜柚子茶,https://sns-avatar-qc.xhscdn.com/avatar/62ab02884a708a279d2903df.jpg,广东,2024.06.11,4,26,26,1,每天的实习生活都超级无敌充实不得不说腾讯的上班时间还是很适合年轻人的btw能选择的好吃的也太多了吧,腾讯
打工人的天花板是腾讯还是字节？,https://www.xiaohongshu.com/explore/6627918a0000000001006a00,5c2f164e000000000603366e,数字游民贝塔,https://sns-avatar-qc.xhscdn.com/avatar/1040g2jo313dntg6ag0005n1f2p71mdje9kgt810,未知,2024.04.23,162,311,299,66,肯定有人要吐槽了，都是牛马，怎么还分是牛还是马呢？	但话说回来，国内互联网公司的话，腾讯确实不错，性价比很高。	虽然腾讯也是老员工抱团，但相对于其他公司，薪资待遇可以，不那么卷，更容易让员工产生归属感。	字节的话，薪资待遇肯定是天花板级别，但是非常卷，从离职率也能看得出来。	而且这两三年管理水平貌似也有些下降，字节范都快变成嫡系文化了。	反正要是我来选的话，首选肯定是腾讯。,腾讯
一张图看懂是不是大厂！,https://www.xiaohongshu.com/explore/64b0212a0000000034014205,6287dd75000000002102b7b9,冷三岁,https://sns-avatar-qc.xhscdn.com/avatar/636150fc5fa9516215622bf4.jpg,未知,2023.07.14,6742,595,8710,530,1.=====清北======字节跳动	华为腾讯	阿里2.=====985======美团	拼多多	蚂蚁金服京东	网易	百度3.=====211======快手	滴滴	B站小米	小红书	商汤微博	360	贝壳4.=====普本======阅文	联想	金山携程	唯品会	虎扑Soul	得物	爱奇艺喜马拉雅	知乎	搜狐,腾讯
鹅厂离职啦,https://www.xiaohongshu.com/explore/660a98df000000001a00ef66,5876486c6a6a6945cb546f76,快乐小辜(休假版),https://sns-avatar-qc.xhscdn.com/avatar/6256ff28ffd9beb9663e0530.jpg,未知,2024.04.01,23,121,173,23,不用和游戏硬碰硬了哈哈哈哈哈哈哈哈哈哈感谢相遇 喜欢大家给自己的三年比✌🏻江湖再见噜👾,腾讯
